State,District,Female population age 6 years and above who ever attended school (%),"Sex ratio at birth for children born in the last five years (females per 1,000 males)",Women with 10 or more years of schooling (%),Births in the 5 years preceding the survey that are third or higher order (%),Any method6 (%),Any modern method6 (%),Female sterilization (%),Male sterilization (%),IUD/PPIUD (%),Pill (%),Condom (%),Injectables (%),Total unmet need7 (%),Unmet need for spacing7 (%),Health worker ever talked to female non-users about family planning (%),Current users ever told about side effects of current method8 (%),Registered pregnancies for which the mother received a Mother and Child Protection (MCP) card (%),Mothers who received postnatal care from a doctor/nurse/LHV/ANM/midwife/other health personnel within 2 days of delivery (%),Institutional births (%),Children under 5 years who are stunted (height-for-age)18 (%),Children under 5 years who are wasted (weight-for-height)18 (%),Children under 5 years who are underweight (weight-for-age)18 (%),Children under 5 years who are overweight (weight-for-height)20 (%),State_Type
Andaman Nicobar Islands,Nicobar,78,927,53.5,0,65.3,57.2,46.4,0,2.7,2,4.9,1.2,9.5,3.3,40.4,49.4,97.9,85.1,97.8,21.6,15.7,24.6,1.5,Rest of India
Andaman Nicobar Islands,North  & Middle Andaman,82.7,844,41,1.5,84.1,73.1,48.3,0.6,6.4,7.8,9.3,0,5.8,1.3,23.2,83.2,99.2,92.5,97.7,27,27,42.8,0.8,Rest of India
Andaman Nicobar Islands,South Andaman,84.7,935,57.5,0.5,57.1,50.5,34,0,2.8,1.8,10.6,0.3,17.6,8.6,31.2,88.2,98.9,88.1,99.5,21.1,12.6,17.4,7.2,Rest of India
Andhra Pradesh,Anantapur,59.5,881,31.3,2,67.6,67.6,67.2,0,0,0,0.1,0,6.4,3.7,21.9,36.4,100,89.1,94.7,36,19.3,40.6,0.3,Rest of India
Andhra Pradesh,Chittoor,65.6,1019,40.3,3.2,69,68.9,67.9,0,0,0,0.8,0,6,3.9,21.3,29.1,98.2,93.8,97.1,27.1,14.8,27.9,0.5,Rest of India
Andhra Pradesh,East Godavari,75.4,882,43.2,1.3,66.3,66.3,64.1,0.9,0.1,0.3,1.1,0,8,4.4,12.5,32.4,91.4,91.9,96.6,23.1,14.3,22.4,3.4,Rest of India
Andhra Pradesh,Guntur,64.9,941,32.6,1,73.3,73.2,72.9,0,0.2,0,0.1,0,3.2,1.7,16.6,28.2,96,94,98.6,23.8,17.8,26.9,3.6,Rest of India
Andhra Pradesh,Krishna,74,1139,46.2,0,79.1,78.1,76.5,1,0,0,0.4,0,2.5,1.4,16.1,27.7,96.4,88.3,98.9,29.8,14.3,21.1,4.2,Rest of India
Andhra Pradesh,Kurnool,55.2,918,33.4,3,70,70,69.5,0,0,0.2,0.4,0,2.1,0.9,20.7,22.2,95.6,87.8,88.5,50.5,16.7,46.3,1.1,Rest of India
Andhra Pradesh,Prakasam,58.1,837,34.5,3.1,69,68.7,68.7,0,0,0,0,0,4.8,1.6,25.4,18.9,92.8,90.1,97.4,22.6,8.7,24.7,5.1,Rest of India
Andhra Pradesh,Sri Potti Sriramulu Nellore,67.9,1011,38.7,3.4,71.9,71.7,71.4,0,0,0,0.3,0,3.1,2.3,19.7,21.7,92.8,95.5,97,29.2,17.2,27.8,0.5,Rest of India
Andhra Pradesh,Srikakulam,60,1163,42.5,0,72.3,72.2,71,0.3,0.6,0,0.3,0,5.7,3.6,16,45.8,100,90.8,97.9,19.7,19.5,21.4,4.5,Rest of India
Andhra Pradesh,Visakhapatnam,66.8,974,46,0,68,67.7,64.9,1.5,0.3,0,0.8,0,4.8,2.4,15.2,35.3,97,84.8,95.3,31,21.5,33.5,4.8,Rest of India
Andhra Pradesh,Vizianagaram,56,898,37.6,2.2,71.2,71.2,69.3,1.3,0,0,0.6,0,6.7,4.7,21.1,36.4,98.8,83.9,99,36.4,19.2,32.2,4.7,Rest of India
Andhra Pradesh,West Godavari,75.4,833,46.5,0.5,77.8,77.2,74.5,0.7,0.6,0.4,0.6,0.4,3,1.8,12.5,28.8,100,94.8,98.7,31.4,11.7,22.5,5.2,Rest of India
Andhra Pradesh,Y.S.R.,61.9,779,40,1.2,69.1,68.4,68.1,0,0.3,0,0,0,5.5,3.1,29.5,14.6,97.7,92.3,99.4,34.4,14.1,26.7,0.2,Rest of India
Arunachal Pradesh,Anjaw,61.5,957,28.8,1.5,64.7,50.9,21.2,0,8.6,15.9,2.9,1.1,6.8,4.7,29.6,79,97.9,55.8,78,23.6,14.3,16,2.9,Rest of India
Arunachal Pradesh,Changlang,74.6,1019,30.5,1.2,71.4,46.3,15.1,0,1.6,27.5,1.8,0,6.7,3.5,20.9,88.6,99.3,69.7,75.1,26.3,16.3,25,3.9,Rest of India
Arunachal Pradesh,Dibang Valley,67.6,1054,43.2,1.3,69.1,49.7,23.9,0,9.5,8.2,5.6,1.2,4.6,3.4,24.1,88.5,95.8,66.2,85.5,16.9,18.1,16,4.6,Rest of India
Arunachal Pradesh,East Kameng,63.1,995,31.8,3.6,64.9,57.4,23.6,0,10.6,14.6,6.2,0.8,9.7,4.7,13.7,77.5,93,53.6,76,35.7,15.8,14.2,10.2,Rest of India
Arunachal Pradesh,East Siang,76.8,1162,55.6,2.2,40,35.9,14.4,0,5.2,7.1,6.7,0.9,17.6,9.6,15.4,61.7,94.4,55.7,90.8,24.6,8.6,10.3,9,Rest of India
Arunachal Pradesh,Kra Daadi,58.1,867,27.4,0.4,46.1,39.9,16.7,0,5.7,13.4,1.4,0.6,16.5,13.1,19.5,48.1,97.7,34.9,73.5,28.8,9.4,14.5,20.2,Rest of India
Arunachal Pradesh,Kurung Kumey,72.6,869,34.7,0,54.1,47.9,16.9,0,5.6,17,4.1,3.5,16.4,7.4,22.7,82.6,97,62.3,69.2,29.2,15.1,13.9,5.8,Rest of India
Arunachal Pradesh,Lohit,73.3,839,37.3,0.6,57,43.5,14.9,0,3.7,20.8,3.3,0.3,14.6,7.3,24.7,65.2,96.9,66.2,90.2,24.5,12.7,12.9,7.6,Rest of India
Arunachal Pradesh,Longding,63.2,961,27.7,0.9,68.6,49,21.3,0,7.1,16,3.9,0.8,7.3,4.5,17.3,86.5,97,57.1,64.5,15.8,20.6,13.8,4.2,Rest of India
Arunachal Pradesh,Lower Dibang Valley,76.8,884,51.9,0,75.3,56.4,28.4,0,12.2,3.9,8.3,0.4,4.9,4.6,21.4,94.8,97.2,58.6,90.1,14.3,7.6,9.7,5,Rest of India
Arunachal Pradesh,Lower Subansiri,73.1,1370,49.9,1.5,65.9,58,25,0.1,8.9,11.8,9.8,1.4,8.5,2.3,12.4,66.4,92.3,67.7,89.8,30.7,11.5,8.1,14.4,Rest of India
Arunachal Pradesh,Namsai,72.1,867,22.2,0.2,69.5,48.1,16.7,0,2.2,24.6,4.4,0,8.7,5.2,14.6,74.5,94.6,51.2,63.6,28.7,12.4,17.7,6.2,Rest of India
Arunachal Pradesh,Papum Pare,77.6,1065,50.5,1.6,47.7,41,15.7,0,5.6,10.6,4.8,0.9,20.3,8.8,20.7,73.1,91.4,53.2,88,29.7,9,15.6,9.1,Rest of India
Arunachal Pradesh,Siang,78.6,1011,50.6,1.8,73.7,61,34.2,0,10.8,4.5,8.4,0,5,2.4,19.2,60.3,97.1,56,81.1,21.3,12.1,8.8,13,Rest of India
Arunachal Pradesh,Tawang,59.3,834,39.2,0.8,62.1,56.3,9.1,0,10.4,29.5,1.7,1.3,14.6,11.7,24.8,67.7,99.6,49.6,84.2,30.4,7.1,9,21.1,Rest of India
Arunachal Pradesh,Tirap,69,865,40.2,0.9,56.1,39.4,17.1,0,2.9,17.6,1,0.3,10.6,8.1,27.1,65.2,97.6,49.8,70.2,38.6,13.8,16,11.7,Rest of India
Arunachal Pradesh,Upper Siang,69.5,983,34.8,2,62,54,30,0,7.4,6.9,7.6,0.6,11.9,6.6,22.1,71.7,97.1,56.4,76,30.4,12.5,12,13.5,Rest of India
Arunachal Pradesh,Upper Subansiri,61.4,1135,31.8,1.3,53.2,48.4,17.5,0,6.8,14.5,3.1,4.4,17.3,8.6,19.8,74.6,98.6,56.7,77,36.8,12.2,19.2,9,Rest of India
Arunachal Pradesh,West Kameng,73,766,43.6,0.5,53.8,47.8,17.1,0,7.3,17.2,3.4,1.3,17,13.5,24.3,68.1,90.1,38.9,93.6,24.2,23.2,13.4,15.5,Rest of India
Arunachal Pradesh,West Siang,73.6,1060,46.3,2.1,46.6,38.9,15.3,0,8.1,6.7,6.8,0.6,15.5,8.2,15.4,51.6,92.1,61.4,84.6,24.5,15.1,16.2,14.9,Rest of India
Assam,Baksa,74.1,1097,27.8,0,59.2,47.3,7.1,0,3.3,33.5,2.7,0,12.5,5.7,24.8,76.2,99.8,65,89.9,41.2,17,34,8.6,Rest of India
Assam,Barpeta,75.4,1007,31.7,0,57.3,47.4,5.5,0.1,2,35.3,3.6,0.7,12.3,3.9,18.4,55.1,99.1,70.5,87.6,29.8,19.5,26.2,6.1,Rest of India
Assam,Biswanath,72.1,1014,23,0.8,72.4,56.1,11.9,0.3,2.1,36.3,4.5,0.6,5.3,1.4,29.9,73.5,99.3,56.5,84.3,42.7,27.1,41,3.3,Rest of India
Assam,Bongaigaon,77,881,28.6,0.9,57.6,45.3,5.9,0.1,2.6,30.6,4.8,0.5,16.1,5.1,23.4,65.1,98.5,57,84.5,46.2,20.2,35.3,8.8,Rest of India
Assam,Cachar,80.5,991,25.8,1,48,38.2,6.9,0.1,1,22.9,6.1,0.6,15.6,6.9,23.6,82.2,98.2,57.3,79.2,28.7,30.7,38.2,3.3,Rest of India
Assam,Charaideo,75,1040,26.2,0,67,43.9,20.1,0.1,4,14.4,4.4,0.1,8.3,3.7,22,69.5,98.7,70.5,88.2,39,23.5,34.8,4,Rest of India
Assam,Chirang,71.5,906,23,0,65.8,55.6,3.9,0.1,5.2,39.9,6.1,0.2,9.8,3.7,34.2,75.3,99.2,59.7,83.7,42.7,19.5,39.7,4.5,Rest of India
Assam,Darrang,75.2,757,27.5,0.6,46.8,36.5,3.5,0.1,2.8,25.8,3.1,0.9,14.8,5.8,18,51.2,99,53.2,84.4,42,27,33.1,5.6,Rest of India
Assam,Dhemaji,77.3,1022,43.6,0.6,72.6,45,14.6,0,3.8,23.9,1.6,1.3,7.1,3.5,28.2,67,98.9,72.8,87.3,37.2,18.3,25.7,3.5,Rest of India
Assam,Dhubri,71.8,914,20.4,1,64.1,53.2,1.8,0,1.3,44.2,5.1,0.7,11.5,4,22.6,76.7,98.2,48.4,64.2,48.5,21.5,37.8,6,Rest of India
Assam,Dibrugarh,79.5,979,33.7,0,64.6,43.6,24.3,0.1,3,10.7,4.5,0.5,8.7,4.8,28.9,76.5,99.6,82.1,93.1,27.3,20.6,32,2,Rest of India
Assam,Dima Hasao,85.1,908,42.4,0.7,65.5,44.9,10.2,0.2,4,27,3.1,0,9.7,2.6,18.3,66.6,99.2,73.8,89.5,30.6,23.6,21.7,12.5,Rest of India
Assam,Goalpara,78.5,1027,23.4,0.3,66.8,55.1,6,0.1,3.2,40.1,3.6,1.4,7.4,2.2,19.3,68.1,98.6,73.5,92.3,38.9,24.3,35.4,5.4,Rest of India
Assam,Golaghat,77.6,1145,27.9,0,61.6,35.7,13.2,0,3.1,13,5.6,0.2,10.9,4.7,25.3,63.3,100,73.5,90.4,26.3,19.2,25.5,2.4,Rest of India
Assam,Hailakandi,81.5,951,25.3,1.7,66.8,49.5,4.1,0,4.3,25,12.8,2.2,8.6,4.2,26.1,94.7,100,68.8,83,42.9,22.2,42.4,2,Rest of India
Assam,Hojai,79.1,1017,23.1,1.2,61.1,48.2,4.3,0.1,1.2,37.2,4.9,0,13.2,4.9,21.7,73.5,98.3,63.9,82.1,39.3,12.7,28.4,6,Rest of India
Assam,Jorhat,84.4,833,42.9,0.4,63.8,32.3,12.5,0.3,3.6,9.9,6,0,10.4,3.2,14.4,62.6,99.2,81.4,96.5,38.7,15.5,33.2,5.4,Rest of India
Assam,Kamrup Metropolitan,87.5,986,49.1,0.4,56.8,41.5,13.4,0,4.5,16.8,6.6,0,8.8,2.5,16.6,50.3,98.3,75.6,89.1,25.4,18.2,25,8.7,Rest of India
Assam,Kamrup,79.4,701,39.2,0,38.7,32.3,8,0,3.4,15.8,4.8,0.3,17.6,7.7,17.1,58.9,95.5,61.4,85,22.6,14.8,19.7,7.5,Rest of India
Assam,Karbi Anglong,76.4,882,30.3,0,66.3,41.1,9.3,0,6.2,23.6,1.8,0,9.3,2.4,23.6,74.6,96.4,56.9,74.9,31.6,17.2,28.2,4.3,Rest of India
Assam,Karimganj,82.1,885,19.6,2.3,64.3,54.9,6.1,0.5,2.3,34,9.5,1.9,8.6,4.2,31,84.5,99.5,63.9,76.4,29.1,48,52.9,1,Rest of India
Assam,Kokrajhar,75.2,1003,27.5,0.9,72.3,58,6,0.1,4.1,44,3.2,0.5,10,3.7,18.7,51.3,98.4,68.3,81.9,34.6,20.5,35.2,4.3,Rest of India
Assam,Lakhimpur,83.2,985,42.1,1.1,67.1,43.6,10.8,0,3,23.5,5.9,0.1,9.8,4.5,30.8,80.3,99.6,67.7,96.2,38.5,18.2,34.4,2.3,Rest of India
Assam,Majuli,78.4,754,41.7,1,63.7,31.3,12.2,0,3.4,13.6,1.2,0.4,11.6,4.7,25.1,85.6,98.4,73.5,90.3,35.4,14.1,22.2,3.8,Rest of India
Assam,Morigaon,79.1,1070,24.5,1.7,70.6,56.7,6,0.1,3.8,39.6,5.5,1,6.5,1.9,27,66.4,98.7,67.9,88.3,43.2,16.1,30.5,4.3,Rest of India
Assam,Nagaon,81.3,969,22.1,1.7,58.6,46.8,7.7,0.2,2.8,30.2,5.4,0.1,12.3,3.1,16.6,73.7,98.3,62,83.7,38.9,19.4,32.4,7.4,Rest of India
Assam,Nalbari,81.8,994,41.6,0.4,53.3,38.7,11.8,0,2.6,21.4,2.9,0,13.2,4.8,18.8,60.6,96.9,73.8,91.8,27.5,15.4,26.7,4.6,Rest of India
Assam,Sivasagar,87.1,915,47.1,0.8,67.3,39.5,12.4,0,4.4,16.3,5.1,0.3,8.3,3.2,22.1,80.1,100,73.8,95.3,26.1,21.1,25.9,3.5,Rest of India
Assam,Sonitpur,74.9,1325,24.3,0.3,74.4,58.9,9.1,0.1,1.7,41.9,5.3,0.6,5.8,2,20.5,72,98.5,63.5,83.5,36.7,13.1,21.9,3.2,Rest of India
Assam,South Salmara Mancachar,69.4,911,20.9,0.7,71.5,60.8,1.1,0,2.9,53,2.5,0.6,8,1.7,26.7,71.8,99.4,62.6,71.7,38.9,18.2,27.9,5.9,Rest of India
Assam,Tinsukia,72.6,884,25.6,1.5,59.2,36.5,16.7,0.1,3,13.4,2.1,0.5,11,4.4,17.6,72.2,100,73.6,82.6,32.8,21.5,32.2,2.7,Rest of India
Assam,Udalguri,70.6,1255,23.8,1.1,50.2,36.2,6.4,0.3,2,23.9,3,0.2,14.6,6.4,14.6,47.2,99.6,53.1,86.2,33.8,21.3,32.5,5.2,Rest of India
Assam,West Karbi Anglong,73.8,1105,21.7,1.7,69.9,43.3,7.8,0,3.9,26.8,4.4,0.1,7.1,3.2,23,80.5,98.7,55.7,72.5,40.9,23.2,31.1,3.9,Rest of India
Bihar,Araria,53,885,16.8,6.8,46,42.8,36.2,0,0.1,0.9,1.7,3.2,15.9,6.4,11,33.9,90.6,46.4,66.2,49.9,23.9,47.8,3,High-Fertility States
Bihar,Arwal,62.6,815,32.9,3.2,60.5,42.8,35.4,0.1,0.5,1.6,3.4,1,12.2,5.4,27.1,56,95.5,70.1,79.2,45.6,36.8,52.9,2.9,High-Fertility States
Bihar,Aurangabad,65,886,36.9,3.6,69.4,53.5,44.2,0,0.9,2.5,4.3,0.6,7.2,3.5,26.6,52.8,92.3,71.5,77.5,41.2,32.9,48.7,4.7,High-Fertility States
Bihar,Banka,59.3,991,22.6,2.4,71.5,55.7,44.7,0.2,0.7,2.1,4.7,0.4,9.7,4.8,21.7,50,84,72.3,79.8,46.7,26.9,45.8,5.2,High-Fertility States
Bihar,Begusarai,65,1058,34.1,5.9,55.8,46.2,36.7,0.4,1,1.2,2.9,1.2,16,9,17.4,53.1,87.8,58.6,86,37.8,21,35.6,4,High-Fertility States
Bihar,Bhagalpur,65.1,879,35.1,3.4,57.4,46.8,31.9,0,0,3.4,9.1,1.6,12.8,6.5,31.2,39.9,85.4,54,77.2,40,21.2,40.4,2.8,High-Fertility States
Bihar,Bhojpur,67.9,872,34.6,4.2,63.9,47.9,37.7,0.6,2.2,2.2,4.1,0.7,11.8,5.1,17.5,45,93.3,56.1,86.9,40.7,31.3,44,2.2,High-Fertility States
Bihar,Buxer,64.8,886,33.3,5.8,60.5,44.6,35.1,0,1,2.4,3.8,1.4,9.1,3.4,31.4,67.3,92.2,66.9,89.5,39.6,33.2,45.3,4.9,High-Fertility States
Bihar,Darbhanga,54.9,812,22.7,4,61.3,48.8,37.5,0,0.4,3,4.9,1.1,12.7,6.8,21.5,50.2,87.6,50.5,69.9,45.4,19.3,39.2,1.5,High-Fertility States
Bihar,Gaya,59.6,863,30.7,2.5,73.3,52.5,41.5,0.1,1.4,1.9,4.4,0.6,5.9,2.6,29.5,51.9,93.4,72.5,76.6,47.4,24.3,43.5,3.7,High-Fertility States
Bihar,Gopalganj,63.3,943,32.9,3.5,57.3,39.5,27.1,0,0.2,1.5,3.3,0.6,19.4,5.5,17.9,45.7,89.6,53.9,85.9,34.2,21.5,29.2,3.5,High-Fertility States
Bihar,Jamui,53.1,986,20.6,2.9,69.6,47.7,36.8,0,0.9,1.9,5.3,0.2,9.5,5,18.4,64.4,87.8,66.7,73.4,43,19.4,37.5,1.7,High-Fertility States
Bihar,Jehanabad,61.7,1066,30.5,5.6,52.5,45.3,35.5,0,1.5,2.6,4.2,0.8,13,5.6,40.7,61.5,95.8,77.7,89.1,41.3,36.6,51.7,1.8,High-Fertility States
Bihar,Kaimur (Bhabua),62.3,944,29.5,6.5,78.6,59.7,44,0.1,0.4,3.5,7.3,1.7,3.7,1.7,45.1,62.6,97.2,81.6,83.3,44.1,27.3,47.2,2.5,High-Fertility States
Bihar,Katihar,57.5,888,19.8,4.4,33.8,26.4,18.4,0.1,0.5,3.4,1.7,1.3,22.4,9.2,22.6,57.5,91.7,41.7,66.9,43.9,23.5,48.1,1.4,High-Fertility States
Bihar,Khagaria,60.6,918,26.6,6,40.9,34.9,27.4,0.1,0.2,1.7,2.8,0.5,15.4,9.5,14.4,56.2,89.5,54.2,74.2,34.8,25.3,36.4,1.4,High-Fertility States
Bihar,Kishanganj,56,1016,15,5.2,25.3,21,14.6,0.1,0.5,2.4,2.5,0.5,21.7,8,12.2,43.3,84.7,40.7,54.6,38.8,23.9,41.1,1.5,High-Fertility States
Bihar,Lakhisarai,61.2,886,30,4.6,67,50.4,37,0.2,1.2,3.2,5.2,0.6,11.7,6.4,19.8,53.4,87.1,66.7,75.8,42.7,25.6,45.1,1.4,High-Fertility States
Bihar,Madhepura,58,1058,23.2,6.5,55.8,47.6,37.4,0.1,0.3,3,4.3,2.4,11.1,4.7,29.9,60.8,95.6,49.5,75,46.3,20.6,43.5,1.5,High-Fertility States
Bihar,Madhubani,55.6,805,26.5,3.3,47.4,39.5,33,0.1,0.7,1.2,2.2,1.6,17.7,7,18.6,54.3,91.5,58.9,73.7,43.3,17.1,36,2,High-Fertility States
Bihar,Munger,69.5,966,44.4,4.2,68.6,49,33.7,0.2,0.6,3.1,8.6,1.1,10.3,5.7,23.3,65.3,89.8,80.7,93.2,35.5,26.7,39.5,2.4,High-Fertility States
Bihar,Muzaffarpur,65.1,685,33.8,5.5,66.1,55.7,45,0,0.9,2.3,4.7,1.2,12.1,6,20.8,57.9,84.1,55.9,72.5,42.6,19.9,34.7,1.9,High-Fertility States
Bihar,Nalanda,59.6,959,28.8,4.9,72.3,52.4,37.8,0.2,0.6,2.5,6,2.7,7.5,4.2,27.8,54.1,87.6,77.5,80.3,42.6,27.8,46.7,1.8,High-Fertility States
Bihar,Nawada,61.4,865,37.3,3.8,69.8,45.1,30.8,0.4,0.9,2.1,7.3,1.3,6.5,3.3,13.5,45.7,88.1,74.1,79.9,49.4,18.2,37.3,1.1,High-Fertility States
Bihar,Pashchim Champaran,59.8,904,21.6,5.8,50.7,40.2,34.5,0,0.2,1,2.7,0.7,12.1,6.3,21,38.9,83.9,57.3,79.5,43.5,13.2,30.3,2.4,High-Fertility States
Bihar,Patna,69.5,1002,43.6,8,49.3,42.3,31.4,0.1,1.9,2.9,4.9,0.5,15,4.6,18.6,46.4,88.8,59,89.1,34.5,27.5,39.6,1.4,High-Fertility States
Bihar,Purba Champaran,58.2,841,20.1,4.8,49.9,40.8,31.8,0,1.1,1.8,2.5,1.2,17.2,8,18.4,45.7,83.5,43.7,61.5,49.1,16.8,37.9,3.8,High-Fertility States
Bihar,Purnia,53.6,938,19.2,7.4,25.7,24.3,20.8,0,0.3,1.8,0.9,0.3,20.2,9.3,9.4,22,93.4,41,68.9,43.5,25.8,47.1,0.8,High-Fertility States
Bihar,Rohtas,70.5,924,42.6,6.1,73.9,55.7,42.8,1.2,1.2,1.8,6.1,0.6,5.9,2.7,38.6,59.1,91.2,85,89.1,40,31.8,48.2,2.5,High-Fertility States
Bihar,Saharsa,50.2,1034,20.9,4.9,44.7,37.6,34.5,0,0.8,0.5,0.9,0.8,16.7,8.2,21.8,38.7,95.1,38.5,70.4,47.8,20.5,42.7,1.9,High-Fertility States
Bihar,Samastipur,60.9,890,26.5,5.3,63.7,53.8,41.1,0.1,0.6,3,4.4,1.7,11.1,5.5,20.6,59.4,90.4,52.1,83.4,44,21.3,42.8,1.7,High-Fertility States
Bihar,Saran,64.8,779,35.5,4.2,41.1,31.4,23.6,0,0.4,1.7,4.9,0.5,17.3,7.7,18,36.7,94.3,54.1,73,39.7,28.8,45,2,High-Fertility States
Bihar,Sheikhpura,58.5,888,28.3,5.7,78.8,50.3,37.2,0.2,0.6,1.5,4.8,2.3,3.2,1.5,26.2,58.6,87.7,77.1,89.2,53.6,16.3,37.6,5.6,High-Fertility States
Bihar,Sheohar,56.2,1017,21,4.7,65.6,49.7,38.2,0,1.1,1.6,4.3,1.7,10.4,5.3,24.7,58.7,93.2,61.1,74.3,34.4,35.4,42.2,3.4,High-Fertility States
Bihar,Sitamarhi,59.1,1009,19.2,6.3,52.8,41,33.9,0,1.2,1.3,2.1,1.5,17,7.1,17.3,52.2,91.1,51.1,64.4,54.2,16.2,40.8,2.2,High-Fertility States
Bihar,Siwan,70.7,1060,38.9,3.8,53.5,42.4,30.2,0,0,2.3,7,0.7,15.4,5.1,9.3,40.2,82.9,63.9,86.4,36.7,18.2,30.8,3.1,High-Fertility States
Bihar,Supaul,50.9,884,16.2,5.6,63.7,56.2,50.5,0,0.6,0.8,1.5,1.7,12.1,5.7,26.1,44.5,96.1,60.7,80.4,42.3,25.8,45,1.4,High-Fertility States
Bihar,Vaishali,64.5,1118,34,4.6,45.8,41,36.5,0,0.9,0.8,1.9,0.7,16.7,8.3,18.5,47.4,88.5,57.4,81.6,38.3,19.6,38.4,3.8,High-Fertility States
Chhattisgarh,Balod,76.4,1068,46.3,0.3,83.5,79.9,68.4,0.7,2.3,0.8,3.4,1.1,2.6,1,37.5,94.1,99.4,90.8,97.4,33.6,15.1,36,7.7,Rest of India
Chhattisgarh,Baloda Bazar,66.7,1021,38.7,2.2,71.5,62.8,43.2,0.8,4.7,3.8,3.9,0.2,5.3,2.4,17.6,73.4,98.6,72.6,78.1,40.9,19.4,34.1,7.3,Rest of India
Chhattisgarh,Balrampur,62.1,887,32.2,2.6,52,46.8,32.2,0,2.9,1.9,3.2,0.2,16,3.4,35.9,83.5,88.5,78.6,78.9,35.1,23,38.8,1.6,Rest of India
Chhattisgarh,Bastar,58,1042,25.3,1.8,54.2,47.7,31.4,0.9,2.2,6.1,4.9,0.2,12.1,5.3,36.9,86.7,92.4,69.2,63.5,48.1,20.4,45.2,5.2,Rest of India
Chhattisgarh,Bemetara,65.3,987,33,1.2,75.6,71.2,62.4,0.1,1.9,1.6,2.8,0.4,5,2.4,37.3,88.2,99.7,91.5,95,38.4,16.4,27.6,4.1,Rest of India
Chhattisgarh,Bijapur,47.4,1045,24.2,2.3,35.7,32.4,15.6,2.3,4.1,3.3,3.1,0,15.5,4.8,45.6,90.2,96.8,64.9,63.6,53.8,20,46.1,3.9,Rest of India
Chhattisgarh,Bilaspur,71,1070,37.4,2.6,58.5,50.3,33.7,0.1,3,2.5,5.5,0.3,10.4,4,19.9,56,92.9,75.7,79.4,25.7,24,28,4.4,Rest of India
Chhattisgarh,Dantewada,51,1296,24.2,2.1,58.8,54.4,26.6,4.8,6.8,6.1,6.3,0.2,7.1,3.6,46.8,98.8,98.7,84.9,90.5,45.6,19.4,45.8,9.8,Rest of India
Chhattisgarh,Dhamtari,77.3,1120,40.9,0.4,81.1,78.3,64.9,1,1.5,2,5.5,0.4,4.5,2.2,37.2,92.1,99.5,84.3,94.3,30.5,17.9,28.9,2.7,Rest of India
Chhattisgarh,Durg,79.4,812,52.7,1.8,80.6,76.4,61.2,0.6,3.8,1.6,6.5,0.4,4.9,3.4,36.5,89.2,99.4,94.2,96.7,38.9,16.9,27.7,3,Rest of India
Chhattisgarh,Gariyaband,67.4,1011,27.8,1.2,76.2,68.3,48.5,0.4,2.5,3.5,5.6,0.4,3.5,1.4,27.7,88.1,98.3,86.3,87.6,28.9,21.9,22.1,13.5,Rest of India
Chhattisgarh,Janjgir - Champa,67.7,795,37.3,1.5,74.8,66.3,47.6,0.4,2.1,2.1,7.8,1,6.3,1.9,16.5,70.2,97.6,85.9,86.2,32.5,24.6,30.2,6.6,Rest of India
Chhattisgarh,Jashpur,67.9,951,34.9,1.8,56,47.2,33.8,0.1,6.6,1.5,2.4,0.3,12.9,5.1,39.6,94.1,97.1,82.7,85.6,35.8,17,33.6,1,Rest of India
Chhattisgarh,Kabeerdham,61.7,826,32.6,1.5,75.2,72.2,63.8,0.5,2.8,1.9,1.7,0.3,6.2,2.9,43.7,92.4,99.2,93,91.7,37.9,12,27.3,6,Rest of India
Chhattisgarh,Kodagaon,57.5,1111,24.7,0.3,68.2,60.5,38.9,7.8,1.9,5.1,4.8,0.3,3.7,2.3,28.9,91,97.6,79.4,78.7,37.6,22.8,42.2,5.5,Rest of India
Chhattisgarh,Korba,71.1,989,37.1,2,53.6,46.9,34.5,0.6,1.4,3.5,5.7,0.4,13.4,4.4,12.7,52.4,92.9,76.7,75.4,34.7,14.7,27.9,6.3,Rest of India
Chhattisgarh,Koriya,69.7,864,37,1.8,56.4,49.4,34.1,0.2,3.8,0.5,4.6,0.3,12.6,3.8,34.2,84.4,97.9,78.2,80.8,32.1,18.1,31.8,0.3,Rest of India
Chhattisgarh,Mahasamund,68.6,1077,31.2,1.1,71.4,64.2,51,0.9,2.5,2.7,2.6,0,5.5,2.6,22.6,82.6,98.9,89.1,92.9,36.8,14,25.8,3.4,Rest of India
Chhattisgarh,Mungeli,63.6,1017,32.2,1.9,64,60.3,51.3,1.2,0.8,1,1.9,0,11.4,4,25.5,89.7,94,74.4,69.8,30.1,17.7,30.6,2.1,Rest of India
Chhattisgarh,Narayanpur,54,1102,26.5,1.3,57.7,52.8,33.3,5.1,3,3.5,4.3,0.2,9.2,3.4,35.4,93.1,98.3,76.9,74.2,43.7,21.5,39.5,6.3,Rest of India
Chhattisgarh,Raigarh,72.2,812,38.3,1.8,64.1,56,45.5,0,1.9,2.6,2.8,0.6,10.3,5.2,38.4,89.2,100,89.6,87.7,39.1,14.9,28,0.6,Rest of India
Chhattisgarh,Raipur,77.1,1000,40.1,1.6,76.8,72.1,58.2,0.5,3.4,1.9,5,0.2,6.1,3.1,23.1,85.1,100,88.4,90.7,32.2,21.7,32.3,5.6,Rest of India
Chhattisgarh,Rajnandgaon,73.4,988,38.9,0.7,73.3,70.5,58.7,1,2.5,2.4,1.8,0,6.3,2.8,27.6,90.8,100,90.5,95.5,27.6,19.4,31,2.2,Rest of India
Chhattisgarh,Sukma,45.9,925,15.9,1.8,53.7,51.4,25.6,3.6,6.6,4.2,8.2,0,7.6,4,45.5,94.5,98.4,80.6,81.2,41.8,21.2,37.4,6.5,Rest of India
Chhattisgarh,Surajpur,64.8,916,30.7,1,59.8,50.1,41.2,0.2,2.8,1.4,2.6,0.6,14.1,6.1,41.5,80.3,92.2,83,85.9,27.6,19.3,32.3,0.4,Rest of India
Chhattisgarh,Surguja,66.3,1139,37.7,3.2,55.2,49.1,38.5,0.2,2.2,1.1,2.4,0.3,15,5.4,30.8,82.7,97.7,83.4,85.3,29.4,17.5,30.6,1.3,Rest of India
Chhattisgarh,Uttar Bastar Kanker,70.2,1131,40.3,0.5,74.7,69.6,53.4,3.2,2.5,2.2,0.9,0.6,3,0.7,41.4,85.2,99.3,87.4,94.1,24.8,24.5,36.1,2.6,Rest of India
Dadra Nagar Haveli Daman Diu,Dadra & Nagar Haveli,70.8,822,31.5,2.1,72.8,64.3,45,0.2,2.6,3,12.4,1.1,9,3.4,26.4,71.2,99.7,92.2,96.3,42.4,20.9,42.1,1.5,Rest of India
Dadra Nagar Haveli Daman Diu,Daman,83.8,767,42.9,1.1,52.5,48.9,34.4,0,1.3,3.9,8.8,0.5,21.1,10.7,20.7,61.4,96.6,89.5,97.4,30,25.2,29.3,1.4,Rest of India
Dadra Nagar Haveli Daman Diu,Diu,77.8,983,52.7,1.1,77.8,52.2,32.6,0,1.2,1.9,15.9,0.5,7.7,3.5,35.4,82.6,97,93,95.7,33.9,17.4,28.5,8.2,Rest of India
Goa,North Goa,89.5,849,72,1.5,63.1,54.8,23,0,2.3,4,23.1,0,9.2,4.5,33.2,82.1,100,93.1,99.6,24.2,17.7,25.8,2.7,Rest of India
Goa,South Goa,88.2,819,70.9,1.4,75,67.8,40,0,2.5,1,23.5,0,7.2,3.3,19.7,89.4,99.5,99.5,100,28.3,21.4,21,2.8,Rest of India
Gujarat,Ahmedabad,79.8,994,42.7,0.5,79,58.2,30.8,0,3.3,3.8,19.7,0.1,6.5,3.4,36.2,76.5,98.7,90,94.5,35.5,17.5,34,4.6,Rest of India
Gujarat,Amreli,69.9,977,27.2,1.3,62.2,51.9,40.5,0.2,3.4,0.5,6.9,0,9.5,5.4,30,75.4,98.3,87,90.1,35.3,23.7,30.6,6.8,Rest of India
Gujarat,Anand,75.2,726,32.2,2.3,53.7,49.2,37.6,0,1.5,0.6,9.2,0.4,16.5,6.3,23.9,74.5,98.6,90.3,96,38.4,28.6,46.6,3.8,Rest of India
Gujarat,Aravali,68.6,965,34.7,2.7,68.7,56.3,43.5,0.1,1.5,2.8,8.1,0,11.2,5,30,75.6,95.8,87.6,92.2,47.1,29,47.2,3.3,Rest of India
Gujarat,Banaskantha,61.1,967,17.6,4.8,42.6,37.5,29.1,0,1.7,2.2,4.3,0.2,18.5,6.9,25.1,58.7,92.9,86.1,92.9,39,25.5,44.1,1.2,Rest of India
Gujarat,Bharuch,76.7,1112,31.5,2.5,36.2,35.7,29.6,0,0.7,0.7,4.8,0,20.3,10.1,16.2,72.2,96.3,78.8,91.1,40.9,24.5,45.5,4.7,Rest of India
Gujarat,Bhavnagar,72,1192,26.3,3.3,45.7,40.5,29.7,0.1,3,1.2,6.5,0,15.5,6.9,12.6,56.2,94.8,87,94.2,32.6,29.6,39.5,1.8,Rest of India
Gujarat,Botad,68.9,992,22,2.3,49.3,44.6,31.8,0,2,3.1,7.7,0,13.2,6.2,17.4,64.1,98.2,85.4,93.5,32.2,26,32.3,5.8,Rest of India
Gujarat,Chhota Udaipur,52.3,937,20.3,2.8,77.5,67.3,57.4,0,1.7,1.1,5.5,0.3,5.1,3.4,64.2,91.2,99.6,91.1,85.7,48.6,28.4,48.1,4.8,Rest of India
Gujarat,Dahod,59.6,1013,23.1,4,70.8,55.6,42.9,0,1.2,2.3,6.3,0,7.7,2.7,31.6,79.3,98.9,87.2,92.5,55.3,27.8,53,5.8,Rest of India
Gujarat,Devbhumi Dwarka,59,955,15.8,1.4,47.7,41.1,19.1,0,4.5,6.1,11.1,0.3,15.9,6,33.5,65.9,98.3,90.1,94.8,30.2,26.1,36.2,4.9,Rest of India
Gujarat,Gandhinagar,77.6,766,37.9,1.3,49.3,43.6,25.5,0,2.1,2.6,13.2,0.1,18.5,6.6,16.9,59.8,96.2,88.2,97.8,38.1,30.6,44.6,0.5,Rest of India
Gujarat,Gir Somnath,65.8,921,30.8,2,57.8,51.1,39.9,0,1.2,0.4,9.5,0.1,12.4,4.8,24,48.6,95.6,90.8,87.1,44.4,18.5,30.3,5,Rest of India
Gujarat,Jamnagar,72.8,912,35.3,2.2,85.2,66.5,31.9,0,11.4,4.6,18.1,0.4,2,0.8,60.8,92.2,99.5,92.4,96.5,28.4,23.8,28.9,3.6,Rest of India
Gujarat,Junagadh,73.8,876,35,1.6,48,42.3,25.9,0.1,2.9,2,11.1,0,13.8,4,26.5,69,100,84.1,97.4,37.3,17.3,26.4,4.4,Rest of India
Gujarat,Kachchh,66.6,994,24.1,2.9,76.5,62.5,34.4,0,3.9,3.3,19.5,0.4,7.8,3.9,36.1,85.8,97.8,93.9,97.4,37.5,20.2,33.4,2.6,Rest of India
Gujarat,Kheda,74,868,24.2,1,29.8,28.7,21.4,0,1,0.8,5.3,0,16.5,7.9,13.8,49.3,98.1,85.1,95.2,37.3,30.9,39.5,2.5,Rest of India
Gujarat,Mahesana,71.3,742,32.6,3.1,46.3,41.8,26.2,0,2.8,3.1,9.5,0.1,18.4,7.6,20.9,76.4,97.1,79.7,97.3,31,28.2,41.4,1.5,Rest of India
Gujarat,Mahisagar,66.1,963,33.9,3.5,73.3,59.1,44.6,0,1.2,3.1,8.7,0.7,6.8,3.1,44.3,83.1,97.4,90.9,93,43.4,26.2,49,2.6,Rest of India
Gujarat,Morbi,70.5,858,35.4,1.7,73.3,58.7,26.7,0.2,9.7,5,16.9,0.2,10.2,5.7,44.4,82,96.7,89.9,94.8,32.9,25.2,32.3,4,Rest of India
Gujarat,Narmada,66,853,22.6,2,80.2,67,56.3,0,1.4,0.8,7,0,5.3,2.3,45,75.6,99.6,87.2,81.7,47.2,23,52.8,3.1,Rest of India
Gujarat,Navsari,77.9,1006,47.7,1.4,78.2,65.1,52.1,0.8,1.3,0.7,9.3,0.1,6.5,3.7,62.8,87.5,97.6,98.2,99.3,36.8,29,43.6,3.4,Rest of India
Gujarat,Panchmahal,70.1,879,28.4,2.9,71.4,52.6,40.7,0,2.1,2.8,6,0.3,7,2.4,29.2,68.1,96.6,88,88.4,47.1,35.7,51.9,3.4,Rest of India
Gujarat,Patan,64.8,976,22.6,2.1,65.6,52.9,35.4,0,5.2,3.6,8.4,0.1,11.2,5,37.5,77.3,99.6,93.6,98.6,50.5,20.9,42.3,3.1,Rest of India
Gujarat,Porbandar,74.9,1045,35.9,2.1,75.5,68.5,34.5,0,11.3,5.1,17.1,0.3,7.7,3.2,59.1,81,99.5,97.6,100,18.2,21.8,25.5,3.9,Rest of India
Gujarat,Rajkot,78.4,1049,42.6,2.3,78.8,53.5,26.5,0.1,8,2.4,16.5,0,6.2,2.4,48.1,86.2,98.2,98.1,99.3,38.9,17.6,37,8.1,Rest of India
Gujarat,Sabarkantha,68.7,871,31.1,4,66.4,55.5,37.3,0,4.3,2.2,11,0.1,9.2,3.5,21.8,64,99.1,86.9,89.4,37,33.1,41,4.9,Rest of India
Gujarat,Surat,82.7,890,44,1.8,78.7,65.6,45.2,0.2,2.7,2,14.3,0.1,5.7,1.4,39.8,83.6,97.4,96.7,97.7,36.1,26,32.5,5.3,Rest of India
Gujarat,Surendranagar,66,992,23.3,4.5,76,65.7,47.3,0.1,3.4,4.3,10.3,0,8.3,4,25.1,75.5,98.6,78.4,85.6,39.2,27.1,41.8,5.2,Rest of India
Gujarat,Tapi,66.1,1185,32.5,2.1,83.1,74.4,60.8,4.4,2.4,0.9,5.5,0.2,3.2,1.1,41.3,71.5,99.5,90,92.9,41.7,36.6,51.8,1.9,Rest of India
Gujarat,The Dangs,69.9,1143,20.7,4,79.8,69.1,55.7,5.3,0.5,1.1,5,0.5,5.1,2.7,39.3,76.5,99.5,80.1,74.5,37.6,40.9,53.1,1.1,Rest of India
Gujarat,Vadodara,82,1186,46.4,1.7,58.5,49.1,32.5,0,2.8,1.7,12,0,11.4,6.5,17.5,44.5,96.6,90.7,95.9,42.3,20.1,39.9,6.4,Rest of India
Gujarat,Valsad,79,1020,45.6,1.7,76.1,61.9,45.4,0,2,0.7,11.9,0.3,9.3,5.5,52.7,70.5,100,95,96.5,37.8,23.2,34.8,0.3,Rest of India
Haryana,Ambala,82.2,764,55.3,2.4,69.5,57.6,25.5,0.6,3.2,3.2,23.9,0.5,7,2.2,15.6,41.7,96.2,86.9,97.8,24.1,10.9,13.7,6.2,Rest of India
Haryana,Bhiwani,70.2,899,47,2.9,72,67.2,49.7,0.4,3.6,2.1,11.1,0.1,9.3,4.6,33,66.4,93.3,91.5,97.7,29,6,20.6,1,Rest of India
Haryana,Charkhi Dadri,69.6,1007,54.5,1.7,69.4,61.3,42.6,0.6,4,1.6,11.8,0,11.1,5.2,30.6,65.6,95.3,93.9,98.9,23.9,10.6,16.9,1.8,Rest of India
Haryana,Faridabad,80.5,955,55.6,1.4,77.5,58.2,22.4,0.6,5.7,2.4,23.9,0.4,7.4,3.3,23.8,91.7,95,93.5,92.5,28.9,8,19.5,2.4,Rest of India
Haryana,Fatehabad,67.3,901,41.5,2.8,75.8,62.9,39.1,0.6,5,2.1,15.6,0.1,4.6,2.2,29.1,70.8,98.1,96.9,97.9,24.6,16,26.6,1.1,Rest of India
Haryana,Gurgaon,80.9,858,59.6,1.9,70.3,61.2,34.6,0.1,6,1.5,18.5,0,7.8,3.1,29.2,74.4,93.8,87.7,96.7,22.1,15.7,22.2,2.6,Rest of India
Haryana,Hisar,69.3,856,43.9,3.4,74.4,64.6,42.9,0.3,4.9,2.6,13.1,0.5,8.9,3.1,24.4,69.6,99.4,93.3,98.2,27.8,16.4,21.4,1.8,Rest of India
Haryana,Jhajjar,77.3,1282,62.7,1.2,80.2,62,33.8,0.7,7.2,2.3,17.1,0.1,4.6,2.1,23.2,60.8,98.7,96,97.2,15.6,8,9.7,6.3,Rest of India
Haryana,Jind,71.4,850,45.3,1.2,79.2,65.2,39.5,1,8.6,2.7,12.4,0.4,5.4,2.6,25.1,76.2,95.4,96.4,98.7,25.5,8.8,22.9,2.5,Rest of India
Haryana,Kaithal,66.3,804,45.9,3.7,76.5,61,36.4,3,4,1.5,15.4,0.4,4.8,1.7,12.5,58.5,97.9,95.3,98.2,29.9,20.7,29.9,2.3,Rest of India
Haryana,Karnal,79.2,821,46.8,2.4,79.1,67.1,23.4,4.8,3.1,4.8,28.1,0,5.4,2.2,36.3,83.9,100,97.5,99,29.2,9.8,20.5,2.9,Rest of India
Haryana,Kurukshetra,75.3,869,48.4,1.4,68.4,63,22,1.2,4.7,3.8,30.1,0.3,9.5,4.4,20.2,76,98.2,95.3,98.4,24.9,12.8,22.5,7,Rest of India
Haryana,Mahendragarh,70,962,52.4,0.4,70.2,63.2,45.9,0.4,3.3,3.2,9.8,0.2,9.3,5.3,36.9,64.5,97.5,88,98.9,25.2,8.4,15.4,5,Rest of India
Haryana,Mewat,51.2,891,13.9,7.3,37.8,28.2,11.2,0.1,2.3,3.3,6.1,2.6,19.6,11.3,29.8,62.2,96,65.9,74.6,44.4,14.2,37.3,3.5,Rest of India
Haryana,Palwal,67,884,39.4,4.2,71.2,54.2,31.9,0.4,6.9,2.8,10.2,0.7,8,3.1,25.2,77.3,96.8,82.7,78.3,31,9.9,21,3.7,Rest of India
Haryana,Panchkula,81.2,854,60.3,1.8,76.6,59,25.2,0.1,3.5,3,26.8,0.2,7,2.2,23.9,72.3,100,95.3,97,21.8,12,19.3,3.9,Rest of India
Haryana,Panipat,78.3,938,52.1,1.6,70.1,55.4,22.8,0.5,5,2.5,21.9,1.1,7.3,2.8,17.3,62.9,93.2,92.8,97.1,25.1,9.9,18.9,2.4,Rest of India
Haryana,Rewari,74.6,787,58.7,0.4,70.6,64.4,37.7,1.2,3.4,5.4,14.7,0.7,8.5,4.2,32.9,70.4,99.4,90.5,98.7,25.9,9.3,20.5,5.4,Rest of India
Haryana,Rohtak,79.6,880,55.9,1.9,74.4,63,34.2,0.4,7.8,2.8,16,0,8.5,3.7,19.5,71,96.8,96.2,97.4,28.9,12.5,22.1,4.1,Rest of India
Haryana,Sirsa,68.3,787,44.7,1.5,74,64.2,40.4,0,4,1.7,18,0.1,8.3,4.2,12.1,56.1,100,97.4,99.3,25,12.6,23.4,0.7,Rest of India
Haryana,Sonipat,78.9,906,56.8,3.2,78.7,59.9,30,1,6.7,3.7,18,0.2,4.8,1.4,20.3,58.6,96.4,94.5,99.7,23.6,9.2,12.7,3.6,Rest of India
Haryana,Yamunanagar,79.1,1103,51.2,1,79.1,58,19.5,0.9,3.4,2.8,30.3,0.3,4.2,1.9,28,73.6,93.7,88.3,94.8,27.7,12.1,23.1,6.4,Rest of India
Jammu Kashmir,Anantnag,65.5,1177,52.8,0.5,58.3,57.3,15.3,0,4.8,8.1,20.2,7.5,7.8,4.3,18.8,72,97.8,85.1,90.5,28.2,24.9,28.3,5,Rest of India
Jammu Kashmir,Badgam,62.5,843,48.2,0,59.9,57.7,19,0,7.4,8.4,12.5,9.8,4.2,2.1,13.7,55.4,93.4,88.7,96.5,26.8,18.9,20.6,11.1,Rest of India
Jammu Kashmir,Bandipore,62.4,1000,35.9,0.8,41.4,34.6,18.1,0.3,1.7,6.3,6.3,1.6,13.8,5.5,12,61.1,97.5,82.6,92.8,25.2,14,16.8,11.4,Rest of India
Jammu Kashmir,Baramula,62.9,952,35.9,1.9,31.1,28.2,14.1,0,2.1,5,4.5,1.6,15.7,7.4,11.9,55.9,96,80.1,96.2,23.2,18.2,17.3,8,Rest of India
Jammu Kashmir,Doda,65.1,959,46.8,2.1,69.5,49.4,22.6,0.2,3.7,10.1,11.2,0.3,7.2,5,10.8,58.6,98.3,71.6,73.5,32.7,9.5,15.2,15.1,Rest of India
Jammu Kashmir,Ganderbal,60.2,816,34.3,0.3,34.4,27.7,14.7,0.3,0.8,3.8,6.5,1,14.1,6,7.2,36.1,95.5,88.4,98,18.5,25.9,20.1,11.8,Rest of India
Jammu Kashmir,Jammu,84,892,70.8,0,67.9,57.1,19.7,0.8,6.9,9.7,17.3,1.8,6.7,2.9,6.8,73.1,99,92.2,96.5,27,18,17.6,7.3,Rest of India
Jammu Kashmir,Kathua,77.4,1100,64.9,0,74.9,72.7,40.1,0.7,1.1,3.7,25.9,0.5,4.2,3.6,28.7,74.5,98.1,81.2,97.1,21.8,22.5,25.9,18.6,Rest of India
Jammu Kashmir,Kishtwar,68.9,1024,48,0.8,52.5,47.8,25.9,0.4,5.1,7.4,6.7,1.9,9.6,4.6,3.1,45.6,95.8,75.7,91.6,27.5,22.8,17.7,21.1,Rest of India
Jammu Kashmir,Kulgam,64,1097,42.4,0.3,70.8,55,12.6,0,6.6,18.6,11.1,4.8,5,3,5.7,63.3,97.7,91.5,98.9,28.4,11.3,15.3,20.6,Rest of India
Jammu Kashmir,Kupwara,68.7,940,44.9,1.6,64.5,56.5,25.7,0.3,6.8,11.6,9.4,2.2,5.9,3.1,8.9,64.6,99.3,90.5,97.1,24.9,25.1,25.5,8.8,Rest of India
Jammu Kashmir,Pulwama,67.2,889,49.4,0,61.8,46.1,20.3,0.2,3.2,10,10.4,1.3,11.1,4.6,4.3,55.1,98.9,95,97.8,22.4,15.3,20.2,12.1,Rest of India
Jammu Kashmir,Punch,72.1,1175,46.8,1.3,58.8,53.3,12.2,0.4,8.2,11.8,10.1,9.3,8.4,5.4,15.1,70,98,81.7,86,25.9,15.6,18.8,4.5,Rest of India
Jammu Kashmir,Rajouri,72.6,968,46.4,0.3,65.9,56.2,24.2,0,7,14.4,6.3,3.5,5.7,3.8,6.4,53.7,95.4,78.7,88.8,30.3,22.5,32.4,5.2,Rest of India
Jammu Kashmir,Ramban,60.8,1022,35.5,0.8,56.5,52.6,16.7,0.4,7.8,9.5,8.1,8.6,10.3,4.2,15.6,62.3,95.9,71.3,80.4,25.7,15.6,21.2,3.5,Rest of India
Jammu Kashmir,Reasi,66.9,1000,41.9,1.7,56.9,51.7,21.8,0.3,4.8,9.6,12.3,2.5,7.5,4.1,8,56,92.9,64.7,69.3,17.7,13,11.7,16.3,Rest of India
Jammu Kashmir,Samba,76.6,888,60.6,1.5,62.8,50.4,21,0.3,6.4,6.9,14.1,1.3,9.5,4.2,7.2,63.6,100,92.3,97.9,24.5,20.4,15.5,12.1,Rest of India
Jammu Kashmir,Shupiyan,71.4,1142,55.2,0.4,60.8,53.1,20.2,0.3,4.5,16.4,8.8,1.1,7.1,4,8.7,49.8,96.9,84.5,98.3,22,32.8,33.5,2.9,Rest of India
Jammu Kashmir,Srinagar,68.2,924,60.5,0.5,56.5,52.2,23.3,0.7,11.2,5.1,5.1,5.4,4.7,2,9.7,78.7,97.8,90.9,99.2,33,18.6,15.8,12.7,Rest of India
Jammu Kashmir,Udhampur,73,997,43.7,0.7,69.7,63.9,29.6,0.2,7.8,10.3,10.5,4.4,6.3,2.3,9,57.8,97.3,71.2,87.2,37.3,19.8,31.9,5.8,Rest of India
Jharkhand,Bokaro,71.5,899,45,1.2,68.5,59.6,45.2,0.4,1.4,4.1,6.4,0.6,9.5,4,23.2,40.1,87.9,73.5,80.9,36.2,19.7,32.3,3,Rest of India
Jharkhand,Chatra,60.7,764,27.7,2.6,59.5,51.8,45.9,0.5,1,0.8,0.6,0.3,10.1,4.6,35.7,64,93.1,61.2,71.5,42.2,17.2,39.8,1.3,Rest of India
Jharkhand,Deoghar,59.8,929,19.7,2.7,65.4,48.5,40.1,0.2,1,1.5,2.6,0.4,11.1,4.6,25,35.3,83.1,55.6,61.3,41.7,17.7,36.9,1.9,Rest of India
Jharkhand,Dhanbad,68.7,869,37.9,1.9,67.3,51.6,37.7,0.3,1,5.2,5.2,0.4,9.7,4.7,15,41.3,88.7,73.2,78.8,27,14,25.1,4.1,Rest of India
Jharkhand,Dumka,59.7,946,19.1,1.8,60,43.4,28.4,0.1,1.6,5.3,5.1,0.4,13.1,5.1,22.1,35.9,95.1,54.9,60.3,38.2,27.8,44.9,2,Rest of India
Jharkhand,Garhwa,60.5,829,31,3.7,58.3,48.7,44.2,0.2,0.8,0.4,0.9,0.5,12.3,5.7,18.4,48,87.1,70.3,84,47.7,18.9,40.6,0.5,Rest of India
Jharkhand,Giridih,61.6,852,25,1.7,63.7,54.3,45.2,0.3,0.7,1.1,3.6,0.3,12,4.3,22.4,45,86.7,61.3,70.7,31.9,27.8,34.3,5.4,Rest of India
Jharkhand,Godda,52.7,881,19.6,3.1,65,50.6,38,0.3,2.2,3.2,3.4,0.5,11.3,3.2,34.3,56.7,93.4,67.9,70.2,39.4,24.5,40.7,4.7,Rest of India
Jharkhand,Gumla,65.1,1028,33.3,1.8,52.7,45,30.7,0.1,2.1,2.8,4,1.9,14.9,7.9,38.8,61.6,97.9,82.4,83.8,40.2,20.1,38.7,4.1,Rest of India
Jharkhand,Hazaribagh,66.1,856,40.1,3.3,60.8,53.6,45.8,0.2,0.8,1.1,3.4,0.3,11.5,6.4,20.3,37.8,89,65.4,82,37.8,16.2,32.5,1.4,Rest of India
Jharkhand,Jamtara,63.7,825,21.4,0.6,69.3,54.1,35.3,0.1,1.3,9.5,4.1,0.4,9.9,3.6,34.7,49.1,95.1,69.9,75.4,41.9,23,46.2,4.3,Rest of India
Jharkhand,Khunti,63.1,709,29.3,0.7,58.4,43.4,27.7,0.1,3.2,4.5,5,0.9,11.8,4.8,37.5,67,95.1,63.9,73.8,38.5,32.1,44,6.1,Rest of India
Jharkhand,Kodarma,64.4,872,31.8,3.1,63.6,56.6,50.1,0.5,0.5,0.8,1.7,0.4,12,5.5,26.4,40.4,89.7,75.8,91.3,34.6,18,31.7,2.5,Rest of India
Jharkhand,Latehar,60.5,967,26.5,3.1,56.6,45.9,35.9,0.3,1.1,1.4,2.3,0.8,13.4,5.5,46.5,63.8,98,70.7,70.3,40.1,19.2,39.4,1.8,Rest of India
Jharkhand,Lohardaga,65.6,1011,35,1.5,56.6,41.1,27.3,0.7,4.7,2.6,3.6,0.5,13.9,5,31.2,67.2,93,79.2,84.1,40.7,26.6,43.4,1.8,Rest of India
Jharkhand,Pakur,53.1,925,13.6,2.4,55.4,45.4,32.5,0.2,0.7,6.4,2.9,0.5,12,6,22.3,36.5,91,61.6,64.6,51.3,23.6,51.4,1.9,Rest of India
Jharkhand,Palamu,63.5,1098,36.5,4.7,60.1,53.1,47.8,0.5,0.5,0.2,1.7,0.4,13.8,6.3,24.6,61,91.5,70.3,74.9,43.7,18.4,37.3,0.6,Rest of India
Jharkhand,Pashchimi Singhbhum,58.4,872,22.9,2.4,55.9,36.3,12.9,0.5,2.9,7.4,7.6,1,12.5,5,43.6,71.2,92,58.8,67.9,60.6,30.5,62.4,2.8,Rest of India
Jharkhand,Purbi Singhbhum,74.1,837,46.8,0.3,61,47.2,35.3,0,2.8,3.1,4.4,0.5,11.4,3.8,35,58.6,91.6,84,94,35.9,29.4,41.6,1.3,Rest of India
Jharkhand,Ramgarh,68.4,903,44.3,2.4,68.2,54.2,44,0.1,1,1.9,3.5,0.4,7.3,2.8,20.5,43.4,90.8,78,79,35.3,23.5,35.3,1,Rest of India
Jharkhand,Ranchi,73.3,874,49.5,1.2,61.5,51.3,34,0.4,5,3.2,6.4,0.4,12,4.8,32.9,72,93.6,83.1,87.3,28.3,32.7,40.6,4.3,Rest of India
Jharkhand,Sahibganj,57.3,984,18.6,3.7,50.4,34,23.2,0,1,2.7,1.8,0.4,13.2,3.2,32.9,56.8,94.1,64.8,64.7,49.1,19.7,44.8,2.6,Rest of India
Jharkhand,Saraikela-Kharsawan,64.4,919,36,1.6,66.9,52.4,33.4,0.1,2.8,3.1,8.3,1.7,7.2,3.6,49.6,73.7,98.8,77.2,81.8,40,32.9,48.7,9,Rest of India
Jharkhand,Simdega,68.2,907,29.7,0.8,48.5,27.7,15.5,0.8,1.7,3.1,4.1,0.1,15.8,4.7,41.1,81.2,97.7,61.5,75.7,42.2,21.1,37,2.8,Rest of India
Karnataka,Bagalkot,67.3,879,37.7,2,65.3,65.3,59.2,0,2.2,2.2,1.2,0.3,5.8,4,15.8,51.1,98.7,89,95.2,48.3,16.9,42.3,2.4,Rest of India
Karnataka,Bangalore Rural,74.3,1177,56.3,0.4,77.5,76.3,65.7,0.1,3.2,1.7,3.5,0.8,5.9,4.1,46.6,85.8,98.4,91.7,100,36.6,16.2,23.8,6,Rest of India
Karnataka,Bangalore,85.7,1163,70.1,2,73.2,73,55.2,0,3.4,2.9,9.1,0.5,4.7,3,54.7,90.7,98,88,99.3,31.3,19.2,28.1,4.3,Rest of India
Karnataka,Belgaum,72.4,892,47.8,2.5,70.8,70.6,63.3,0,1.9,2.2,1.9,0.2,5.5,2.1,29.4,66.4,96.1,87,97.5,32.8,23.6,36.9,2.9,Rest of India
Karnataka,Bellary,64.2,1072,39.9,3.4,62.7,62.3,56.6,0,1.7,1.2,2.6,0,5.6,2.9,33.5,54.8,98.1,86.6,95.7,36.1,22.9,36.5,1.3,Rest of India
Karnataka,Bidar,68.2,898,45,4.2,69.1,68.5,50.1,0,2,8,5.4,1.6,8.1,3.6,40.7,81.9,96.8,89.6,99,36.8,22.1,36.1,2.5,Rest of India
Karnataka,Bijapur,66.1,885,37.1,2.6,63.1,62.7,55.5,0,1.3,2.1,2.5,0.5,7,4,23.8,62.1,91.1,74.4,91.8,45.9,15,39,2.7,Rest of India
Karnataka,Chamarajanagar,63.2,953,41.7,0.4,79.8,79.4,70,0,2.9,0.8,4.5,0.4,3.4,2.6,54.8,83.5,100,94.2,100,32.2,18,28.7,1.6,Rest of India
Karnataka,Chikkaballapura,65.9,1110,48,0.5,77.8,77.4,69.4,0,3.4,1.6,1.8,0.6,3.8,2.6,49.7,79.5,98.2,91.2,99,31.3,16.1,25.2,2.2,Rest of India
Karnataka,Chikmagalur,76.2,849,48.3,1.6,79.7,79.6,64.8,0,5.3,2.6,6.1,0.3,3.8,2.8,42.8,74.4,99.1,90.9,98.4,27.3,24.9,25.4,6.6,Rest of India
Karnataka,Chitradurga,73,1050,48.3,0.4,72.8,72.5,62,0,3.7,1.3,4.3,0.2,5,3.5,63.4,87,99.1,95.2,98.3,36,17.9,32.4,3.1,Rest of India
Karnataka,Dakshina Kannada,83.9,1038,62.8,1.2,61.9,60.2,46.2,0,3,0.4,7.5,0.8,9.5,6.6,34.8,67.9,98.3,83.5,100,25.1,30.5,26.4,6.9,Rest of India
Karnataka,Davanagere,74.9,797,47.1,2.6,47.1,46.9,41.6,0,1.5,1.1,2.3,0.4,11.5,4.8,16.2,45,96.3,78.9,98.3,38.4,18.8,32.8,2.5,Rest of India
Karnataka,Dharwad,78.2,1110,51.4,2.5,67.1,65.7,58.7,0,2.1,1.9,1.8,0.3,6.3,3.8,29.7,79.5,96.9,98,99.7,45.2,16.5,40.4,2.8,Rest of India
Karnataka,Gadag,73.3,911,45.1,2.6,58.3,57.7,48.8,0,2.5,3,2.7,0.5,7,3.8,25.4,70,97,84.7,96.2,45.2,18.2,39.8,1.5,Rest of India
Karnataka,Gulbarga,65,976,42,4,53,53,40.3,0,0.7,3.5,5.4,1,12.6,5.3,32.3,70.1,95.1,79.6,88.7,34.5,25,36.2,4.1,Rest of India
Karnataka,Hassan,74.4,872,51.3,0,78.1,77.5,62.1,0.4,6.3,3.2,3.3,0.8,5.2,1.8,57.1,82.2,97.8,92.6,100,27.1,15.2,23.8,5.1,Rest of India
Karnataka,Haveri,72.6,805,40,3.4,44.6,44.6,42.6,0,0.7,0.3,1,0,8.4,3.5,20.8,55.8,98.8,92.4,97.2,29.9,17.7,35,0,Rest of India
Karnataka,Kodagu,83.6,1190,58.9,0.8,73,72.3,53.7,0,6.3,2.8,5.6,1.4,5.6,2.2,42,70.8,97.8,93.3,98.4,30.4,21.7,22.6,7.3,Rest of India
Karnataka,Kolar,71.6,919,55,0.9,72.7,71.9,65.4,0,4.2,0.5,0.8,0.5,5.1,3.5,44.5,71.7,99.1,95.7,99.6,31.1,15.5,15.7,5.3,Rest of India
Karnataka,Koppal,63.9,952,34.4,2.1,63.4,63.2,58.4,0,1.9,0.7,1.2,0.7,9.7,6,15.6,59,100,80.7,90.7,49.1,23.1,45.8,0.8,Rest of India
Karnataka,Mandya,67.7,1041,52.5,0,80,78.5,70.2,0,3.6,0.4,3.6,0.1,3.8,1.9,44.6,77.3,100,95.5,99.5,24.3,11.8,16.7,1.3,Rest of India
Karnataka,Mysore,72.4,1123,49.6,0.1,79.5,77.3,68.2,0,2.4,1.1,4.2,0.4,5.6,4.4,37.6,78.6,98.4,93.5,100,27.5,15.6,28.2,1.3,Rest of India
Karnataka,Raichur,55.3,907,31.7,4,50.1,49.6,46.3,0,0.7,0.6,1.8,0.2,10,6.8,19.2,54.1,97.1,76.1,88.9,39.8,23.2,40.7,1.6,Rest of India
Karnataka,Ramanagara,68.8,781,54.5,1.7,78.1,77.5,70,0,2.8,1.5,2.4,0.4,5.1,3.1,34.1,82.9,100,87,100,15.6,20,19.8,4,Rest of India
Karnataka,Shimoga,78.8,1111,49.1,2.5,76.4,76.4,68.3,0,3.4,0.7,2.4,0.7,5.3,3.9,42,74.7,98.5,91.5,99.7,29,23.2,34.4,6,Rest of India
Karnataka,Tumkur,72.3,1133,58.9,0,77,75.8,60.9,0,5.1,2.4,4.4,0.6,5.3,4.4,59.4,76.1,99.3,95.2,100,40.3,10.9,26.7,6.1,Rest of India
Karnataka,Udupi,82,1093,55.4,0,72,71.3,46.1,0,6.4,5.4,8.9,1.2,7.1,4.7,42.3,84.5,99.2,89.2,98.9,23.1,17.6,21,3.2,Rest of India
Karnataka,Uttara Kannada,81.1,724,49.2,2.4,69.3,69.3,56.7,0,4.8,3.6,2.8,0.6,7.4,3.7,42.5,63.8,97.9,87.4,99.3,29.6,21.9,33.3,3.3,Rest of India
Karnataka,Yadgir,51.9,922,26.4,3.5,64,63.7,57.6,0.1,1.7,2.1,1.1,0.3,7.5,5.9,23.1,65,97.9,73.3,93.3,57.6,17.7,45.2,2.3,Rest of India
Kerala,Alappuzha,97.8,1485,78.8,0.6,61.5,56.9,49.6,0.6,1.3,0.2,4.3,0,12.3,6,11,40.9,96.4,89.2,99.4,20.1,14.4,20.4,4.5,Rest of India
Kerala,Ernakulam,97.2,1034,83.8,1,69.7,61.5,51.9,0,1.5,0.3,6.1,0,10.7,6.8,12.9,79.9,90.9,96.1,99.1,22,17.1,19.4,5.4,Rest of India
Kerala,Idukki,93,859,73.2,2.2,72.3,67.8,60.5,0,2.1,0,5.2,0,9.4,5.3,22.3,64.3,96,94,100,24.3,14.5,23.6,2.3,Rest of India
Kerala,Kannur,96.7,880,74.1,0.4,61.9,54.2,47.7,0,1.3,0.7,4.3,0,12.7,9.2,16.8,77,95.3,93.4,100,19.4,14,17.9,3,Rest of India
Kerala,Kasaragod,90.8,984,68.3,1.4,56.4,46.6,39,0.2,2.4,0,3.5,0,12.5,6.4,23.9,69.1,92.8,95,100,25.3,12.6,21.4,1.6,Rest of India
Kerala,Kollam,96.6,1135,80.6,0.7,62.9,60.5,57.2,0,0.6,0.6,1.7,0.2,11.9,7.2,15.1,62,94.9,91.4,100,15.5,21.4,17,9.4,Rest of India
Kerala,Kottayam,97.9,865,85.8,0,44.7,40.3,33,0,1.9,0.7,3.6,0,16.1,5.6,17.5,40.8,90.4,85,98.7,23.4,8.4,17.3,3.2,Rest of India
Kerala,Kozhikode,97.7,1000,84.3,1,67.7,58.5,52.5,0,1.4,0.3,3.4,0,9.6,5.9,14.4,71.5,96.6,91,100,21.3,14.1,18.9,4.4,Rest of India
Kerala,Malappuram,94.9,807,69.5,0.3,58.6,41.5,36.8,0,0.8,0.4,1.9,0,13.8,8.5,10.9,61.3,91.5,96.9,100,29.4,18.2,21.4,3.3,Rest of India
Kerala,Palakkad,89.6,1012,63.2,0,58.9,51.9,48.1,0,1.7,0.2,1.9,0,10.8,6.7,14.6,56.6,87.3,97.5,100,29.7,21.7,27.7,1.1,Rest of India
Kerala,Pathanamthitta,97.7,916,84.5,0,59.3,54.4,47.6,0.2,2.6,0.5,3.4,0,12.3,4.9,16.2,63.1,92.2,95.2,99.1,22.7,11.4,11.2,5,Rest of India
Kerala,Thiruvananthapuram,94.5,1000,83.1,0.8,41.3,38.5,33.2,0,1.2,0.2,3.4,0,19.3,9.8,18.6,33.9,79.1,86.2,99.5,19.5,17.4,15.2,2.8,Rest of India
Kerala,Thrissur,97.8,763,79.2,0,69.7,61.5,52.9,0,2.9,0.6,4.6,0,10.9,4.9,10.1,59.7,87,95.2,100,22,9.6,17.3,6.1,Rest of India
Kerala,Wayanad,88.2,1003,68,0.5,78.9,69.5,64.8,0.2,2.7,0.2,1.1,0,5.6,4,11.8,68.5,97.7,95.9,100,31.3,16.1,22.5,6.5,Rest of India
Ladakh,Kargil,69.6,1336,50.3,0.4,46.9,41.6,14.1,0.3,5.7,6.6,8.6,5.1,8.8,4.9,9.1,55.4,99.1,78.3,93.7,36.5,17.7,21.8,14,Rest of India
Ladakh,Leh(Ladakh),66.3,949,49.8,0,55.6,54.2,19.3,0.4,10,6.6,9.3,7.2,7.1,3.2,15.8,62,96.5,80.8,96.4,24.3,17.2,19,12.7,Rest of India
Maharashtra,Ahmadnagar,77.4,845,45.7,0.7,69.5,67.4,56.6,0,1.7,1,8,0,8.3,2.6,19.5,31.7,94.4,90.9,97.9,31.7,24.9,41.2,1.8,Rest of India
Maharashtra,Akola,86.3,896,52.7,2,77,72.8,48.6,0.6,2.9,3.8,16.3,0.5,6.8,3.7,33.8,59.5,98.3,82.3,97.7,31.8,29.4,30.8,8.6,Rest of India
Maharashtra,Amravati,86.2,1090,55,2.2,79.2,77.7,56.4,1.3,1.3,3.7,14.4,0.3,4.6,2.5,20,52.8,99.1,80.2,91.3,29,26.2,38,2.2,Rest of India
Maharashtra,Aurangabad,78.4,875,48.4,1,48.1,46,28.8,0,2.4,2.8,11.7,0.3,17.1,5.1,11.8,44.4,95,76.4,94.8,34.2,26.4,42.9,2.8,Rest of India
Maharashtra,Bhandara,80.3,897,53.9,1.2,77.5,75.6,63.3,2.5,1.1,1.6,6.7,0.1,6.1,2.4,30.5,51.6,99.4,87.5,100,31.3,28.4,33.9,4.7,Rest of India
Maharashtra,Bid,64.6,843,38.6,2.2,58.1,56.7,42.9,0,3,2.2,8.4,0.1,13.9,4.5,14.5,48.5,97.6,79.8,94,40.8,28.4,36.8,3.5,Rest of India
Maharashtra,Buldana,78.1,1036,41.8,1.6,81.1,78.1,56.1,0.7,2.9,2.3,14.7,1.1,4.4,1.4,33.5,67.9,100,86.7,93.9,45,31.7,47.2,4.8,Rest of India
Maharashtra,Chandrapur,78.9,1025,57.5,1.7,80.1,78.1,60.1,1.6,3.1,1,11.9,0.3,4.5,2.7,39.1,57.4,100,92.3,99.6,37.3,38.5,46.6,7.6,Rest of India
Maharashtra,Dhule,73.5,919,40.8,2.5,51.9,50.3,41.2,0.3,1,1.1,6.7,0,13.1,5,19.1,48.4,93.7,77.2,77.2,37.6,38.9,46,0.2,Rest of India
Maharashtra,Gadchiroli,67.1,1098,42.3,0.4,76.5,76,50.6,13,0.6,1.2,10.1,0.2,5.6,3.2,32.7,58.3,98,91.5,97.3,35.7,30,35.4,9.5,Rest of India
Maharashtra,Gondiya,80.4,1050,54.1,1.6,78.3,77.8,62.3,5.8,0.9,1.1,6.6,0.3,7.8,2.4,36.4,61.7,98.7,90,99.1,36.9,23.7,35.6,8.3,Rest of India
Maharashtra,Hingoli,69.4,838,33.2,1.4,73.1,72.9,58.7,0,1.3,3.5,8.8,0.5,10.4,5.6,11.3,41.5,98.8,82.4,94,37.4,25.8,38.9,1,Rest of India
Maharashtra,Jalgaon,77.5,857,40.8,2.2,44,43.6,35.4,0,1.8,0.6,5.6,0.1,14.9,4.9,9.4,47,91,74.5,86.5,36.3,30.5,36.9,1.5,Rest of India
Maharashtra,Jalna,67.6,867,34.3,2.2,49.7,48.9,34.7,0.1,1.6,2.6,9.6,0.1,13.1,3.9,15.7,43.3,96.1,74,92.8,38,22.2,39,1.3,Rest of India
Maharashtra,Kolhapur,80.2,937,53.8,0.4,71.4,69.2,60.2,0,0.4,1.7,6.6,0,8.1,3.5,27.9,52.4,95.3,95.2,99.2,33.6,18.9,34.7,4.3,Rest of India
Maharashtra,Latur,70.6,1265,40.7,2.6,78.2,77.2,64,0,0.9,2.7,9.5,0.1,4.6,3.3,18.6,72.5,100,93.3,94.7,43.2,18,33.9,5.3,Rest of India
Maharashtra,Mumbai Suburban,88.5,703,65.7,1.3,64.6,58.7,37.5,0,2.2,0.9,18,0,10.4,3.4,20.4,48.2,92.6,91.5,98.1,37.2,18.6,24.6,10.5,Rest of India
Maharashtra,Mumbai,92.5,1019,71.1,0,74.3,71.7,47,0,4.1,1.9,18.1,0.2,4.9,1.9,19.2,77.8,93.1,90.6,99.5,26.6,25.3,29.6,6.1,Rest of India
Maharashtra,Nagpur,86.5,926,67.6,0.9,84.1,81.2,61,0.6,3.5,1.7,14,0.4,4.2,2.6,39.5,62.4,96.6,91.4,100,27.6,34,33.9,10.1,Rest of India
Maharashtra,Nanded,68.1,888,31.6,1.7,68.1,67.3,58.5,0,1.5,1.6,5.3,0,9.2,4.3,15.3,49.9,96.7,76.1,94.8,36,19,35.2,3.5,Rest of India
Maharashtra,Nandurbar,63.5,885,29.9,3.4,62.6,61.2,50.7,2,1.2,3.4,3.6,0.1,9.7,3.7,11.8,50.3,99.2,74.4,76.3,45.8,30.7,57.2,3.7,Rest of India
Maharashtra,Nashik,78.2,816,42.6,2.4,55,54,41.3,0.3,1.5,1.8,8.8,0.2,12,4.6,10.7,55.7,96,76.5,90.5,42.2,27.2,44.8,2.2,Rest of India
Maharashtra,Osmanabad,71.3,1050,41.5,1.1,78.9,77.1,62.1,0,1.7,3,9.7,0.6,6.4,3.3,28.5,58.1,95.8,94.4,98.1,37.2,16.1,32.5,1.8,Rest of India
Maharashtra,Palghar,77.5,747,48.3,0.9,71.8,66,49.6,0.1,1.2,1.9,12.4,0.2,8.2,4,21.6,53,92.9,97,94.2,33,23.9,37.1,9.3,Rest of India
Maharashtra,Parbhani,67.1,983,28.8,3.4,42,41.5,33.5,0,1.3,1,5.4,0.2,18.5,6.1,17.4,48.3,89,64.4,85.6,37.6,22.8,41.8,3,Rest of India
Maharashtra,Pune,84.8,873,61.2,0.7,57.8,55.9,43.3,0,2.3,2.3,7.6,0,13.7,5.2,23.5,35.7,93.1,84.2,98,30.7,31.4,32.7,1.3,Rest of India
Maharashtra,Raigarh,73.7,871,45,1.3,73.6,70.9,55.1,0,1.5,2.2,11.6,0.2,6.1,3.4,22.4,64.7,98.4,93,96.6,NA,NA,NA,NA,Rest of India
Maharashtra,Ratnagiri,80.3,948,41.2,0.7,62.3,60.5,50.1,0,1.6,1,7.6,0,10.4,3.8,22,57.5,97,89.7,97.8,31.7,23.7,29.5,3.8,Rest of India
Maharashtra,Sangli,80.4,1012,54.6,0.8,67.1,64.7,56.5,0.3,1.1,0.9,5.7,0.2,10.4,4.7,27.6,56.2,97.1,95.6,98,35,18.6,27.2,6.7,Rest of India
Maharashtra,Satara,78.5,958,48.3,1.3,74.7,72.8,61.8,0.1,2.4,1,7.4,0.2,6.2,3,26.8,68.1,96.7,94.5,97.1,20.2,20.5,28,2.3,Rest of India
Maharashtra,Sindhudurg,83.1,874,49.4,0.7,58.7,56.8,45.9,0,1.2,1.2,8.5,0,12.1,4.6,26.8,63.8,100,96.7,100,30.8,27.7,32,5.9,Rest of India
Maharashtra,Solapur,72,960,36,4.4,75.7,74.2,66.4,0,1.7,2.3,3.7,0,5.6,1.7,35.1,54.4,96,89.6,96.2,36.3,23.2,32.9,4.3,Rest of India
Maharashtra,Thane,86.1,1029,55.9,1.9,61.6,57.1,37.6,0,1.7,1.7,16.1,0,10.3,5.3,24.7,56.9,93.4,NA,93.6,40.8,17.8,30.8,5,Rest of India
Maharashtra,Wardha,85.1,1173,56.5,0.5,79.2,78.1,64.3,0.4,1.5,2.4,8.6,0.8,6.6,3.7,36.5,52.8,98.6,89.9,98.8,27.7,28.1,31.3,4,Rest of India
Maharashtra,Washim,76,991,42,3,71.3,68.3,54.8,0.3,1.3,0.9,10.7,0.1,8,4,14.2,37.9,99.2,83.4,92.9,35.3,31.7,39.3,6.9,Rest of India
Maharashtra,Yavatmal,77.6,1012,38.9,1.6,78.3,75.7,64.6,0,1.7,1,7.5,0.6,5.5,2.9,22.4,62.2,98.8,85.6,96.3,36.6,27.5,39.4,6.7,Rest of India
Manipur,Bishnupur,81.5,945,48.7,1,46.3,21.6,5.3,0.1,3.9,8.2,3.7,0.2,20,5.7,8.6,42.4,93.5,79,89.5,15.5,7.9,11.7,3.1,Rest of India
Manipur,Chandel,76.9,1008,43.3,1.9,56.6,23.6,4.9,0,9,4.3,4.9,0.3,11,4.8,10.6,49.9,79.9,55,55.5,34,8.3,14.7,8.7,Rest of India
Manipur,Churachandpur,84,1057,36.6,3.6,61.8,22.6,5.6,0,6.3,4.1,5.5,0.2,8.7,4.2,5,48.1,78.1,58.2,72.9,25.1,12.1,9.8,4.5,Rest of India
Manipur,Imphal East,87.2,936,49.9,1,50.1,16.9,3.9,0,3.1,4.1,5.4,0,16.7,5.4,6.3,44.5,53.8,85.4,91.7,18.4,11.7,14.4,0.5,Rest of India
Manipur,Imphal West,89,1039,61.9,0,69.9,16.4,3.5,0.1,4.5,3,5.2,0,12.5,6.4,7.1,35.4,50,90.8,95.7,15.6,9.3,10.2,2.6,Rest of India
Manipur,Senapati,79.6,938,39.6,2.5,65.2,17.5,2.8,0.1,4.3,6.1,3.2,0.8,8.5,4.1,6.4,44.9,77.1,37,45.8,27.3,10.7,12.9,6.7,Rest of India
Manipur,Tamenglong,78.4,932,33.1,2.3,65.2,22.2,3.9,0,12.3,1.5,4.4,0,8.4,3.2,4,52.5,78.3,52.7,57.7,27.1,9.6,19.3,1.6,Rest of India
Manipur,Thoubal,79.9,909,40.7,0.6,72.2,17.8,2.4,0,5.5,4.9,4.8,0.2,6,2.3,2,54.2,91.4,75.6,87.8,31.5,8.3,14.9,4.9,Rest of India
Manipur,Ukhrul,83.7,996,49.7,5.1,56.9,12.3,2,0,3.8,2,2.9,0.8,12.7,5.2,6.7,41.4,78.3,44.9,44.6,27.1,11.6,16,2,Rest of India
Meghalaya,East Garo Hills,90.9,1427,40.5,1.9,37,35.8,4.4,0,4.7,18.5,4.9,2.2,21,12.4,22.1,79.2,92.1,59.9,73.8,39.7,20.1,26.5,4.1,High-Fertility States
Meghalaya,East Jantia Hills,76,1015,23,6.3,33.6,24,9.2,0,1.9,7.6,2,3.4,26,20.1,44.1,81.1,94.6,49.1,48.4,49.8,8.5,23.6,3.7,High-Fertility States
Meghalaya,East Khasi Hills,88.7,851,43.5,4.2,12.1,10.6,4.3,0,2.4,1.8,1.6,0.2,33,25.2,22.7,NA,87.8,33.6,63.4,44.6,11.2,23.8,4.5,High-Fertility States
Meghalaya,North Garo Hills,91.3,894,38.4,1.1,19.2,17.7,2.9,0,3.4,7.4,3.2,0.7,25.2,12.9,8,70.4,85.8,40.5,61.5,35.6,11.7,15.8,7.3,High-Fertility States
Meghalaya,Ribhoi,85.3,871,23.1,5.5,33.1,19.7,6.3,0,4.9,3.7,4.4,0.2,27,18.4,34.2,71.1,97.5,39.5,56.9,42.5,17.9,29.6,4.8,High-Fertility States
Meghalaya,South Garo Hills,89.2,1011,38.4,1.3,37.6,33.3,3.8,0,9,15.8,2.8,1.6,25.3,14.4,20.3,63.7,98.9,65.9,88.3,29.8,18.3,20.8,2.7,High-Fertility States
Meghalaya,South West Garo Hills,81.7,1036,33,0.3,36.7,32.3,3.5,0,5.5,14.9,6.2,1,30.4,16.7,24.2,82.9,99,60.6,83.7,32.2,19.9,26.4,3.3,High-Fertility States
Meghalaya,South West Khasi Hills,84.6,1032,23.4,6.5,26.5,15.7,6.2,0,1.2,5.6,1.2,1.1,26.2,20.1,42.8,82.3,97,42.9,41.7,51.4,10.4,27.6,3.5,High-Fertility States
Meghalaya,West Garo Hills,88.7,1396,45.1,0.3,44.1,39.9,6.7,0,9.5,17.4,4.1,1.6,19.7,9.2,32,58.1,97.6,70.9,89.6,39.5,14.9,26.3,5.2,High-Fertility States
Meghalaya,West Jaintia Hills,73.8,1036,24.7,4.8,19.3,17.5,4.5,0,2.5,7.1,1,2.4,29.3,21.7,31.4,70.4,88.1,28.6,42.2,48.7,9.7,28.3,3,High-Fertility States
Meghalaya,West Khasi Hills,85.1,984,16.4,8,26.3,15.3,9.3,0,1.6,2.8,0.5,1.1,25.8,21.1,43.4,72.8,97.3,42,41.7,59,8,31.1,3.1,High-Fertility States
Mizoram,Aizawl,97.8,1042,60.7,0.9,21.6,21,6.9,0,2.8,9.7,1.6,0,24,14,12,44.4,93.1,73.4,97.4,25.3,7.3,9.6,12.3,Rest of India
Mizoram,Champhai,93.3,726,47.8,1.4,50,49.6,22.5,0,4.2,19.6,2.5,0.2,11.2,8.3,24.9,70,100,72.3,96.7,27.2,12.1,13.1,10.6,Rest of India
Mizoram,Kolasib,93.9,860,41.7,1.6,38.1,37.9,16.7,0,2.2,17.4,1.6,0,15.6,11.7,18.7,73.9,97.8,71.5,91.4,30.4,11.3,12.6,7.6,Rest of India
Mizoram,Lawngtlai,79.9,1131,32.2,2.6,29.7,29.1,12.2,0,1.6,12.1,2.8,0.3,17.3,13,11.3,59.1,93.8,46.2,53.7,32.7,16.2,16.9,9.1,Rest of India
Mizoram,Lunglei,89.8,876,46.3,0.8,33,33,18.8,0,1.7,10.2,2.3,0,15.4,12.5,13,62.8,99.2,67.1,82.7,26.5,9.5,11.1,10.1,Rest of India
Mizoram,Mamit,90.7,794,40,1.2,41.6,41.3,17.7,0,4,19.2,0.2,0.2,17,14,15.8,62.6,98.9,63.9,75,26.4,7.4,13.9,5.9,Rest of India
Mizoram,Saiha,92.2,1171,50.2,2.7,22.6,21.7,7.9,0,4.3,6.9,2.5,0.2,22.5,15.2,22.2,43.9,96.9,59.6,73.8,43.8,7.7,17.6,11.1,Rest of India
Mizoram,Serchhip,96.8,1084,43.1,1.3,40,39.4,15.6,0,2.6,19.5,1.8,0,15.9,11.8,17.3,59.8,99.3,86.2,96.2,31.8,8.4,14.4,8.7,Rest of India
Nagaland,Dimapur,89.8,911,52.5,3,46.9,38.4,15.7,0,9.6,9.1,3.4,0,14.3,5.8,7.3,36.7,82.3,68.7,73.7,28.3,25,29.8,3.8,Rest of India
Nagaland,Kiphire,77.4,871,22,2.4,42.5,32.7,5.8,0,20.2,3.8,2.5,0.2,17.3,10.2,9.7,66.1,92.4,31.9,34.8,36.9,11,25,7.5,Rest of India
Nagaland,Kohima,90.4,1075,70.9,1,60.7,46.7,18.6,0,19,4.5,3.1,0.4,9.1,7.2,11.6,51.5,95.2,58.9,66.9,28.3,26.9,22.1,6.6,Rest of India
Nagaland,Longleng,81.2,922,23.8,3.9,66.5,56.3,16.4,0,32.2,3.8,2.2,0.1,4.3,2.9,9.4,55,91.6,28.5,38.7,34.1,19.8,25.7,6.8,Rest of India
Nagaland,Mokokchung,88,1075,55.8,2.6,66.7,52.5,16,0,25.8,6.1,3.3,0,6.4,3.4,11.4,70.3,96.6,47.4,51.5,31.4,11.7,22.9,5.9,Rest of India
Nagaland,Mon,79.4,775,24.3,2.6,68.7,55.6,12.6,0,31.8,7.2,2.2,1.1,3.7,0.6,11.2,79.8,95.8,25.6,21.4,35.5,7.8,23.3,3.2,Rest of India
Nagaland,Peren,81.1,896,35.5,5,58.6,42,9.9,0,19,7,4,0.5,6.2,4.5,8.2,75.9,97.3,46.9,43.5,34.9,9.1,20.7,4.1,Rest of India
Nagaland,Phek,80.5,880,39.4,5.8,56.3,47.1,15.1,0,21.7,4.1,5.1,0.4,6.5,3.5,11.3,63.1,97.6,39.6,32.2,28,12.9,15.6,6.8,Rest of India
Nagaland,Tuensang,80.5,902,27,3.8,52.6,37.4,9.9,0,15.6,5.8,3.2,0.5,12.9,5.9,7.9,51.7,90.9,29.5,34.8,37.1,24.6,34.2,5.5,Rest of India
Nagaland,Wokha,85.8,1245,45.3,1.7,64.6,50.1,15.7,0,22,6,4.7,0.2,3.2,1.4,10.8,58.1,96.8,50.7,43.6,26.3,23.5,28,1.1,Rest of India
Nagaland,Zunheboto,87.4,1207,40.2,5.3,68.8,56.5,19.3,0,28.2,5.5,1.9,0.2,2.8,0.7,14.8,70.4,90.7,24.9,35,44,26.9,44.5,1.5,Rest of India
Odisha,Anugul,73.2,868,33.7,0.4,85.8,52.6,25.7,0,2.8,16.3,6.6,0.3,2.9,1.5,11.9,62,99.6,84.8,85.7,28.1,25.1,30.5,3.5,Rest of India
Odisha,Balangir,69.3,919,31.4,0.7,77.8,58.6,34.9,0.1,2.9,15.1,3.6,0.2,3.4,1.8,30.8,84.9,100,96.5,97.9,32.7,25.5,37.6,2.1,Rest of India
Odisha,Baleshwar,77.1,866,38.3,0,68.3,49.7,21,0.2,2,18.3,7.1,0.2,9.3,2.8,21.7,59,98.2,87.6,97.6,24.4,15,22.6,3.8,Rest of India
Odisha,Bargarh,72.1,950,37.4,0.4,75.4,55.7,33.2,0,3.3,11.6,6,0.3,5.1,1.6,28,80.9,100,92.7,99.6,38.9,18,30,2.9,Rest of India
Odisha,Baudh,68.6,844,29.9,0.4,70.7,45.3,21.5,0.2,1.8,15.6,5.4,0,5.2,2.1,28.5,67.3,99.6,89.6,93.4,37,20.1,38.6,1.6,Rest of India
Odisha,Bhadrak,81.2,980,37,1.3,72,50.4,28.5,0,1.1,15.4,3.9,0.3,11.8,5.3,14.3,67.8,99.6,89,96.1,32.3,15.8,28.9,4.5,Rest of India
Odisha,Cuttack,80.6,745,40.9,0,84.4,47,26.1,0.2,2.8,8.2,8.5,0.5,3.7,1.1,9.8,53.3,100,92.5,98.9,20.4,14.2,18.9,5.6,Rest of India
Odisha,Debagarh,71.8,822,31.3,0.9,74.1,42.8,21.9,0,4.1,11.9,3.8,0.2,6.8,2.4,21,71.4,100,88.5,91.2,28.4,27.3,34.3,3.2,Rest of India
Odisha,Dhenkanal,76.2,895,33.3,0.8,75.9,48.2,31.5,0.3,1.4,10.7,3.4,0.3,8.1,2.4,23.9,64,100,90.7,94.8,33.3,22.7,30,6.8,Rest of India
Odisha,Gajapati,55.5,999,22.5,2,76.2,53.9,40.7,0.5,2,6.6,0.8,1.1,5.4,2.2,26.2,80.2,99.5,78.2,76.4,43.4,16.1,34.3,6.1,Rest of India
Odisha,Ganjam,68.6,855,32.6,0.7,59.2,46.7,33.9,0,1.1,3.9,6.4,0.1,16.9,5.8,32.3,80.1,99.1,89.3,93,23.9,10.2,18.9,4.9,Rest of India
Odisha,Jagatsinghapur,84.7,843,46.6,0,71.9,38.8,22,0,2.1,6.8,7.3,0.5,11.5,3.5,13.5,56.5,98.2,89.2,98.3,13.2,10.7,11,8.3,Rest of India
Odisha,Jajapur,78.7,898,38,0.9,76.2,44.9,27.1,0,1.9,7.8,7.2,0.1,9,2,11.9,54.1,99.2,92.4,93.8,25.5,15.9,21.8,2.2,Rest of India
Odisha,Jharsuguda,77.8,793,40.9,2.6,81.4,50.3,28,0.2,3.3,9.1,8.4,0.2,3.7,1.3,25.5,93.5,100,96.4,98.6,27.1,16.9,26.9,3.1,Rest of India
Odisha,Kalahandi,62.5,903,26.5,0.5,75.9,48.6,29.4,0.2,1.8,11.3,4.4,0.1,4,1.6,36.1,80.7,99.4,94,92.8,33,17.2,33.6,2.1,Rest of India
Odisha,Kandhamal,64.2,985,28.1,1.1,76.7,49.6,19.2,0.3,6.3,16.1,5.8,0.3,4.5,2.5,24.4,72,100,90.6,93.9,34.2,23.3,35.2,2.4,Rest of India
Odisha,Kendrapara,84.3,860,42.5,0.8,64.7,34.3,20.6,0.2,1.1,7.4,4.5,0.2,12.3,4.2,22,48.3,99.1,85.5,96.7,28.6,7.9,17.9,6.6,Rest of India
Odisha,Kendujhar,68.2,984,29.5,2.3,77.6,45.8,21.3,0,3.7,13.8,5.4,0.1,3.8,1.4,16.9,67.2,98.3,75.4,80.4,36.2,23.8,37.1,0.9,Rest of India
Odisha,Khordha,84.4,810,43.2,0,74.7,42.4,24.5,0.4,2,5.6,8.4,0.3,7.4,1.7,28.9,73.8,100,95.4,97.8,17.1,13.2,16.9,3.3,Rest of India
Odisha,Koraput,50.6,1014,17.6,0.6,65.4,56,34.8,4,3.6,8.4,3.3,0,6.6,2.9,44.9,84.8,99.7,83.5,82.1,43.1,15.9,33.5,3.7,Rest of India
Odisha,Malkangiri,48.9,981,14,2.2,74.1,53.4,34.3,1,4.2,9.1,2.4,0.1,4.4,2,37.1,82.8,99.1,89.5,90.7,44.3,19.3,41.6,1,Rest of India
Odisha,Mayurbhanj,63,837,25.1,1.3,76.3,50.8,25,0.3,2.9,14.9,5.4,0.1,5.9,2.5,18.4,69.4,98.7,86.3,91.7,36.7,28.5,45.9,3,Rest of India
Odisha,Nabarangapur,52.9,1045,15.5,1.5,77.1,56.3,30.7,0,2.5,18.5,2.3,0.1,3.4,2.1,27.5,86.9,100,89.3,87.6,44.1,25.2,46.6,5,Rest of India
Odisha,Nayagarh,76.1,845,27.1,0,78.2,43.7,31.7,0.1,1.7,4.2,5.5,0,4.6,1.5,32.2,81.8,100,96.2,98.3,20,10.5,20.2,2.9,Rest of India
Odisha,Nuapada,60.9,1025,27.3,1.2,71.4,54.9,34.1,0.1,4.4,11.2,3.6,0.8,7.3,2.4,38.3,73.8,100,85.9,89.8,43.1,18.1,38,3.7,Rest of India
Odisha,Puri,83.3,782,38.1,0.5,74.4,48.6,31.1,0,2.7,7.7,5.8,0,7.3,2.9,31.8,82.6,99.5,93.9,97.7,13.8,8.9,11.3,3.8,Rest of India
Odisha,Rayagada,50.8,951,19.1,1.4,72.7,45.3,30.6,1.5,2.2,6.7,1.9,0.7,6.1,2.6,30.1,77.3,99.6,69.7,68.9,43.6,16.1,39.8,0.6,Rest of India
Odisha,Sambalpur,74.6,1061,36.5,1.9,77.1,58.1,32.6,0.3,2.5,14.5,5.5,0.4,9.1,3.6,24.2,83.9,100,90.5,99.5,40.7,25.5,36.3,3.7,Rest of India
Odisha,Subarnapur,74.4,924,37.8,0.3,77.4,57,27.9,0,4.4,18.8,3.6,0.2,5.8,1.7,25.8,88,100,93.1,96.1,29.6,26,34.5,3.1,Rest of India
Odisha,Sundargarh,72,809,35.6,0.5,79.7,47.9,24.9,0.5,4.6,11,5.5,0.5,2.4,0.6,25.1,77.4,99.1,79.7,91.3,32.9,21.1,34.7,1.2,Rest of India
Puducherry,Karaikal,86.3,884,59,0,59.7,57.9,51.3,0,1.8,0.4,3.9,0.1,10.2,3.7,28.8,73.8,99.3,95,99.6,25.5,15.3,19.7,4.3,Rest of India
Puducherry,Mahe,99.2,1202,88.2,1.8,73.6,65.9,54.4,0,1.6,0.1,9,0,6.8,4.9,12.4,74.1,94.4,96.8,100,48.2,7.3,32.6,2.6,Rest of India
Puducherry,Puducherry,83.8,963,67.2,0.6,66.5,62.1,53.3,0.3,1.9,0.5,5.2,0.5,11.4,3.1,24.6,60.3,98.9,92.1,99.5,17,11.6,13.1,3.4,Rest of India
Puducherry,Yanam,80.9,1154,51.6,2.5,79.6,78.5,71.8,1.9,0.9,0.4,2.9,0.2,1.2,0.3,34.9,59.4,98.2,97.1,100,25,12.4,18.7,6.9,Rest of India
Punjab,Amritsar,78,1037,56.7,2,68.9,57.6,26.2,0.8,2.7,0.6,26.3,0,9.7,3.7,24.5,81.7,98.6,90.1,95.9,19.4,11.9,11.2,6.3,Rest of India
Punjab,Barnala,72.4,755,53.1,0.8,69.3,53.6,25.8,0.6,3.2,2.9,20.7,0.2,9.4,3.6,17,69.4,93.9,86,96.7,33.8,9.4,16.5,6.1,Rest of India
Punjab,Bathinda,68.7,820,41.1,0.3,45.3,40.7,17.5,0.8,6.2,2.5,13.2,0.1,17.7,4.9,16.8,72.5,90.9,78.7,93.1,23,15.4,23.8,1.2,Rest of India
Punjab,Faridkot,71.7,914,46.5,2.8,56.3,47.7,24.7,0.2,3,2.3,17.1,0.3,15.7,5,13.4,78.4,92.8,81.7,94.3,28.1,10.3,20.7,2.7,Rest of India
Punjab,Fatehgarh Sahib,80.1,844,62.3,0.4,71.6,44.1,16.3,1,2,0.8,23.6,0.1,7.7,2.3,28.4,66.1,99.5,95.5,96.6,30,7.1,18.2,4.6,Rest of India
Punjab,Fazilka,70.8,951,41.3,2.5,68,56.3,28.6,0.2,4.3,2.7,20.1,0.1,7.1,2.6,12.2,68.6,95,84.3,91.7,35.9,9.5,20.2,4.2,Rest of India
Punjab,Firozpur,72.5,892,47.5,1,77.3,63.3,31,0.3,6.9,1.2,23.3,0.3,5.4,1.8,14.8,70.4,97.2,83.9,95.5,30,12.9,22,2.9,Rest of India
Punjab,Gurdaspur,79,746,64.6,1.6,58.5,43.3,17.1,0.3,3.3,1.7,20.8,0.2,15.4,6,27.7,96.3,98.7,86,92.4,25.1,9.5,15.3,6.5,Rest of India
Punjab,Hoshiarpur,89,970,73.2,1.4,65.6,46.3,20.4,0.1,1.2,1.4,22.6,0,11.9,5.7,22.8,NA,100,92.9,98.3,19.3,11.5,12.4,3.8,Rest of India
Punjab,Jalandhar,82.1,936,64.4,2.3,66.6,40.1,14.9,0.2,2,1,21,0.3,8.8,2.1,26.9,81.2,98.8,88.2,92.3,24.8,10.3,16.7,1.8,Rest of India
Punjab,Kapurthala,79.2,922,60.3,1.6,61,47.2,22.1,0.8,1.6,1.6,20.5,0,13.4,4.4,19.5,86.4,95.3,88.4,95,24.6,12.8,19.2,4.9,Rest of India
Punjab,Ludhiana,81.4,964,61.6,0.8,69.8,50.5,21.2,0.3,1.8,0.5,26.6,0,8.3,3.8,25.1,88.9,96.2,82.5,90.1,22.1,5.9,12.4,6.4,Rest of India
Punjab,Mansa,63.6,871,37.5,2.4,67.6,57.2,30.9,1,7.3,2.2,15.7,0,7.2,2.8,19,66.7,94.9,84.3,88.8,36.6,12.1,22.7,3.1,Rest of India
Punjab,Moga,72,1014,45.2,1.5,75,60,25.6,0.6,3.2,1.9,28.2,0,8,2.7,16.7,70,99.5,87.4,93,22,12,16.8,4.9,Rest of India
Punjab,Muktsar,68.5,877,39.8,3.6,72,59.7,31.3,0.6,3,1.7,22.6,0.3,6.2,2.3,13.3,81.9,95.5,88.1,96.4,35,13.6,30.7,2.8,Rest of India
Punjab,Pathankot,82.8,756,74,0,62.6,42.7,15.5,0,1.7,2.8,22.2,0,10.5,3.6,25.1,81.3,97.9,88.5,94.8,22.1,10.3,10.8,7.8,Rest of India
Punjab,Patiala,76.9,954,56,1.3,71.7,49.3,23.1,0.6,2.8,1.2,21.1,0.3,7.5,3.8,22.8,78.4,93.6,81.8,97.3,20.3,9.9,16.9,0.4,Rest of India
Punjab,Rupnagar,81.8,1022,64,0,71.8,49.8,25.6,0.3,1.8,1.3,20.5,0,10.8,3.5,25.2,58.9,96.7,83.9,97.8,15.1,9.1,15.3,2.5,Rest of India
Punjab,Sahibzada Ajit Singh Nagar,84.3,855,62.5,0.4,76.5,53.6,20.1,0.4,2.4,1,29.7,0,4.7,2.4,29.4,69.6,98.6,87.3,97.4,26.2,10.7,23,4.6,Rest of India
Punjab,Sangrur,73.5,798,54.4,2,57,48.2,23.3,0,4.3,2.7,17.9,0,12.3,3.4,19.4,82.8,96.5,86.6,94.7,23.4,10.4,18.1,2.7,Rest of India
Punjab,Shahid Bhagat Singh Nagar,82.3,833,65.4,0,66.1,49.4,19.4,1.3,3,0.5,25,0.1,10.8,4.4,22.8,77.8,100,96.6,99.3,17.9,12,11.2,6.6,Rest of India
Punjab,Tarn Taran,68.6,890,40.4,2.2,73.7,60.7,32.6,0.5,2.3,1.2,23.7,0,8,4.1,19.2,80.6,99,85.5,96,23.8,11.3,14.4,4.5,Rest of India
Sikkim,East District,86.4,1000,53.2,0,54.3,42.8,14.7,0.8,3.9,11.6,9.1,1.6,17.7,7.2,17,52.9,91.9,65.8,91.8,17.8,14.3,13,6.5,Rest of India
Sikkim,North  District,78.5,693,37.7,0,75.7,61,19,0.6,7.5,17.5,9.8,5.4,12.8,6.9,28.6,50.4,95.5,71.3,97.3,31.8,4.5,15.3,14.1,Rest of India
Sikkim,South District,80.2,1353,45.7,0,85,67.6,19,3,6.6,20.1,9.5,9,5.2,2.8,24.3,67.2,99.4,83.1,97.4,24.8,8,7.2,16.6,Rest of India
Sikkim,West District,81.8,685,43.9,0,88.2,70.8,8,3,11,33,9.2,1.8,4.3,1.1,19.8,69.1,96.4,63.6,99.3,25.2,21.1,19.3,6.5,Rest of India
Tamil Nadu,Ariyalur,73.5,807,50.7,0.5,61.4,60.2,49.6,0,8.3,0,0.9,0.1,7,3.1,31.4,86.9,100,95.7,100,25.3,15.1,20.1,1.6,Rest of India
Tamil Nadu,Chennai,92.7,859,76.7,1,65.8,63.6,55.7,0.4,4.9,0,1.7,0,6.9,2.5,23,86.6,96.8,95,100,20.4,18.3,21.9,9.4,Rest of India
Tamil Nadu,Coimbatore,84.2,952,62.8,1.3,66.5,62,53.1,0,5,0,3.1,0,9.1,2,40.9,88.8,100,95.4,100,23,7,18.5,4.2,Rest of India
Tamil Nadu,Cuddalore,76.8,819,50.1,0.8,65.3,63.5,58.1,0,2.7,0.4,1.8,0,9.2,3.6,24,75.1,98.3,87.7,99.2,20.2,13.9,18,1.6,Rest of India
Tamil Nadu,Dharmapuri,72.6,1052,54.4,0.6,70,68,61.1,0,6.4,0,0.4,0,8.5,3.5,36.3,95.5,100,98,99.6,28.7,16.9,23.2,8.9,Rest of India
Tamil Nadu,Dindigul,77.8,816,50.1,0.8,74.2,71.4,62.2,0,6.9,0.8,1.1,0.3,6.3,2.8,29.8,84.8,99.1,95.3,97,27.1,21.1,28.4,2.2,Rest of India
Tamil Nadu,Erode,73.1,807,57.8,0.3,70.6,67.4,61.3,0,3.6,0.4,1.8,0.2,4.9,2,51.5,96.4,100,96.5,100,19.4,20.9,26.9,2.8,Rest of India
Tamil Nadu,Kancheepuram,85,889,56.8,0,69.3,67.3,59.6,0.2,4.7,0.2,2.3,0.2,7.2,4.2,15.7,62.1,97.6,87.3,100,20.6,15.7,19.8,3,Rest of India
Tamil Nadu,Kanniyakumari,92.9,880,77.1,0,70.3,66.6,60.8,0,2.9,0,1.5,0,4.9,3.4,29.8,86.8,97.3,86,100,17.3,11.4,14.5,2.8,Rest of India
Tamil Nadu,Karur,73.2,839,51.2,0.8,65.8,63.5,58.3,0,3.9,0,0.9,0.4,7.5,2.3,30.3,77.6,97.3,96.4,100,33.6,18.4,36.3,2.4,Rest of India
Tamil Nadu,Krishnagiri,72.6,857,53.9,1.4,70,67.7,60.7,0.2,6,0,0.4,0.4,4.9,1.9,40.2,98.7,99.5,95.5,99.6,29,10.4,19.3,10.1,Rest of India
Tamil Nadu,Madurai,83.9,815,58.6,0.5,69.7,68.4,58.3,0,6.4,0.6,3.1,0,8.7,4.2,21.5,88,100,91.4,100,32.4,9.5,21.5,4.7,Rest of India
Tamil Nadu,Nagapattinam,79.2,799,53.7,0,65.9,61.9,53.9,0,5.8,0.1,1.8,0.2,8.5,2.3,20.9,70.4,100,91.9,99.7,32.3,12.5,24.3,0.8,Rest of India
Tamil Nadu,Namakkal,73.5,1130,55.7,0.6,65.2,62.3,55.3,0,4.1,0,1.9,0.6,6.5,2.3,32.9,85.5,100,94.8,100,25.2,10.3,15.7,6.3,Rest of India
Tamil Nadu,Perambalur,73.1,887,49,1.3,63.1,58.9,48.7,0,7.7,0.6,0.9,0,11.4,3.1,30.2,83.3,99.4,90.1,100,29.1,15.9,22.3,2.9,Rest of India
Tamil Nadu,Pudukkottai,74.7,804,52.2,0.4,68,64.3,55.8,0,6,0.7,1.2,0,12.2,5.6,24.6,82.3,99.2,95.4,100,32.2,9.5,21.6,2.8,Rest of India
Tamil Nadu,Ramanathapuram,80.3,787,53.7,1.1,72.2,68.1,56.6,0,6.5,1,2.5,0.8,7.9,3.9,28,82.7,100,94.9,99.6,26.4,17.7,21.6,6.3,Rest of India
Tamil Nadu,Salem,74.4,900,51.3,1,69,64.1,56,0,4,1.1,2.1,0.6,5.6,1.4,41.7,86.8,100,92.9,100,23.6,10.1,20.8,6.3,Rest of India
Tamil Nadu,Sivaganga,78.8,1127,59.9,2.1,67.3,66.1,59.7,0,4.9,0,0.5,0.2,7,2.4,27,88.5,99.3,89.1,100,27.6,22.8,28.4,9.1,Rest of India
Tamil Nadu,Thanjavur,80.6,934,54.3,2.1,64.8,60.6,51.7,0,4.9,0.2,2.6,0.3,9.5,2.7,23.3,66,99,93.8,100,19.6,8.3,21.9,4.9,Rest of India
Tamil Nadu,The Nilgiris,85.2,1035,63.4,0,77.9,74.7,68.9,0,4.5,0.2,1,0.1,6,1.6,35.3,88.9,99.4,91.5,100,26.7,17.3,23.2,8.5,Rest of India
Tamil Nadu,Theni,80.9,1057,56.9,0.9,70.6,67.1,56.1,0,8.2,0.3,1.8,0.5,7.3,3.5,32.1,88.7,100,97.1,100,20.2,15.5,18.8,4.2,Rest of India
Tamil Nadu,Thiruvallur,83.5,991,57.2,1.1,67.9,66,59.1,0,3.8,0.7,2.2,0.2,9.3,3.4,21.9,61.3,95.6,90.3,100,18.1,17,20.6,2.1,Rest of India
Tamil Nadu,Thiruvarur,84.9,901,57.5,0.6,70.2,66.7,59,0.2,4.3,0.3,1.6,0,9.6,4.7,26.2,78.4,97.2,89.5,100,19.8,18.4,21.5,3,Rest of India
Tamil Nadu,Thoothukkudi,86.6,734,59.5,0,67.6,63.8,52.4,0,6.6,0.3,3.9,0.4,8.1,3,28.8,90.8,100,94.8,100,20.3,18.4,21,6.7,Rest of India
Tamil Nadu,Tiruchirappalli,80.7,919,57.1,1,68.1,61.5,49.6,0,6.8,1.1,2.6,0.6,11.1,4.4,28,87.8,98.8,97.6,98.6,27.6,20.9,27.4,3.1,Rest of India
Tamil Nadu,Tirunelveli,84.4,939,54.2,1.2,69.8,64.4,55.4,0.2,5,0,2.7,0.3,7.1,3.7,23.5,77.4,98,92.9,100,29.4,12,22.7,3.7,Rest of India
Tamil Nadu,Tiruppur,75.8,1016,55.1,0.7,69.3,66,59.7,0,3.8,0.1,1.8,0,4.6,1.3,37.6,87.4,100,98.4,100,21.5,15.3,23.1,6.2,Rest of India
Tamil Nadu,Tiruvannamalai,75.5,848,50.2,3.2,71.9,68.7,64.5,0,3.1,0,1,0.2,5.1,3.3,28,76.9,100,98.1,99.1,30.6,14.8,25,3.3,Rest of India
Tamil Nadu,Vellore,80,722,52.5,1.9,65.2,63.2,59.5,0,3.1,0,0.5,0.2,6.7,3.6,32.7,98.9,100,98.6,99.5,29.8,13.1,19.7,4.2,Rest of India
Tamil Nadu,Viluppuram,73.6,916,45.7,2.9,71.6,68.6,62.6,0.2,3.2,0.7,1.3,0.2,7.4,1.8,24.6,75.8,96,88.1,99.1,23.9,12.4,20.5,0,Rest of India
Tamil Nadu,Virudhunagar,80.5,730,53.5,0,68.1,66.3,61.2,0,3.1,0.2,1,0.5,6.4,2.9,23.1,71.9,99.3,80.2,97.8,29.2,14.4,23.7,6.8,Rest of India
Telangana,Adilabad,58.6,785,41,1.3,54.3,54.1,50.2,0.6,0,1.2,1.5,0,10.1,4.7,12,32.6,94.1,83.4,94.1,45.7,29.5,52,2.9,Rest of India
Telangana,Bhadradri Kothagudem,62.7,817,41.8,1,75,74,68.2,2.2,0.3,0.9,1.4,0.3,3.8,2.1,18.3,51.3,98.6,87.1,97.4,28.4,21.8,25.3,3.7,Rest of India
Telangana,Hyderabad,80.3,844,63.2,4,71.8,70,64.6,0,1.8,1.9,1.1,0,6.1,2.9,18.5,58.2,94.4,91.2,98.3,30.4,17.7,18.9,4.3,Rest of India
Telangana,Jagitial,55.9,955,43.5,1.8,57.4,56.5,47.7,6.3,0.8,0.7,0.8,0,13.4,3.6,17.3,24,95.5,84.1,94.4,29.9,17.5,32.3,5.5,Rest of India
Telangana,Jangoan,56.6,1089,44,1.3,71,70.4,67.2,1.4,0.3,0.3,0.4,0,4.6,2.5,19.5,33.9,98.9,85.6,99.6,33.4,22.9,30.9,6.4,Rest of India
Telangana,Jayashankar Bhupalapally,52.4,903,36.3,2,64.8,64.3,51,11.3,0,0.5,1,0.2,7,2.4,13.5,47.1,94,89.1,99.5,32.5,31.8,36.7,1.4,Rest of India
Telangana,Jogulamba Gadwal,47.8,853,27.4,2.2,75.5,74.9,71.5,0,0.5,0.2,0.1,0,2.6,1.6,24.7,43.3,96.5,88.3,94.2,49.7,17.3,41.7,2.8,Rest of India
Telangana,Kamareddy,51.1,870,35.6,2.3,56.8,56.8,55.9,0.1,0.3,0.2,0.3,0,9.8,5.4,9.4,44.4,96.8,86.8,97.1,33.4,34.5,43.9,3.1,Rest of India
Telangana,Karimnagar,63.6,933,50.8,1.1,56.8,56.4,44.4,10.9,0.1,0.1,0.6,0,10,2.9,14.5,24.3,88.2,89.5,98.4,30.3,13.9,27.5,5.9,Rest of India
Telangana,Khammam,61.8,905,40.9,1.4,78.7,76.2,73.8,0.4,0.2,0.4,0.8,0,3.3,1.3,25.8,54.9,99.4,93.2,97.9,22.2,24.7,26.2,6,Rest of India
Telangana,Komaram Bheem Asifabad,52.9,917,28.7,1.3,49.4,49.1,46.9,0.3,0.1,0.5,0.8,0.2,6.8,2.7,12.5,33,96.7,85.5,82,38.1,35.7,41.1,2.7,Rest of India
Telangana,Mahabubabad,55,885,34.7,0.5,75.4,74.7,68.9,4.6,0,0.4,0.3,0,4.7,2.2,16.3,59.5,98.1,91.5,97.7,33,19.3,26.3,3.6,Rest of India
Telangana,Mahabubnagar,54.8,789,40.4,2,72,70.1,68,0,0.3,0.1,0.4,0,2.7,1.7,31.4,48.3,98.7,84.9,98.1,42.6,17.8,33,4.1,Rest of India
Telangana,Mancherial,58.4,909,48.8,0.9,55.3,55.3,53.9,0.5,0.2,0.2,0,0.2,11.3,2.9,9.5,33,93.6,87.7,90.1,25.9,22.1,27.4,3.4,Rest of India
Telangana,Medak,52.3,848,39.3,0.9,57.4,55.7,53.9,0.3,0,0.3,0.7,0,7.4,3.8,9.1,51.4,97.7,80.8,98.9,36.4,21.3,42,1.1,Rest of India
Telangana,Medchal-Malkajgiri,72.9,828,59.3,1.1,76.4,72.4,65.8,0.8,0.9,1.4,1.3,0.6,3.7,2,25.4,57.9,96.2,90.6,98.3,33.4,12,25,1.2,Rest of India
Telangana,Nagarkurnool,51.1,771,36,1.9,77.3,76.5,73.2,0,0.8,0.6,0.6,0.2,3.9,1.7,27.1,58.3,97,90.3,98,35.1,27.3,30.9,2.5,Rest of India
Telangana,Nalgonda,59.8,883,40.9,1,78.5,77.2,75.1,0,0.4,0.5,0.7,0,2,1.2,23.6,62.8,98.7,92.2,98.3,31.7,29.8,28,1.7,Rest of India
Telangana,Nirmal,53.3,1138,40.9,1.8,59.3,58.5,53.8,0.3,0.6,1,0.4,0.2,6.7,3.6,9.2,39.4,96.9,87.2,96.7,31.7,18.1,33.4,1.4,Rest of India
Telangana,Nizamabad,54.3,941,42.4,2.1,60.3,56.8,52.4,0,0,1.2,1.5,0.4,9.4,5.2,8.6,60.4,96.2,79.5,97.3,30.5,26.2,38.4,2.8,Rest of India
Telangana,Peddapalli,61.3,913,46.6,0.7,66.1,64.8,60,3.3,0.1,0.5,0.3,0.3,8.3,3.1,16.9,44.5,92.9,87.6,96.5,27.5,28.8,33.1,1.6,Rest of India
Telangana,Rajanna Sircilla,56.4,1115,46.4,1.9,60.7,59.3,49.9,5.9,0,0.3,1.8,0.3,9.9,2.9,18.9,60,99,89.9,97.6,22.4,19.4,26.1,2.3,Rest of India
Telangana,Ranga Reddy,68.6,964,51.4,1.1,72.6,69.7,67.6,0.1,0.3,0.7,0.7,0.1,4.8,2.2,18.7,53.4,95.3,89.8,97.2,37.8,13.9,29.5,4,Rest of India
Telangana,Sangareddy,60.2,1039,41.5,1.2,62.3,61.7,56.8,0.3,0.6,2,1.1,0.1,8.5,4.2,10.2,47.5,98.3,84.7,93,32.9,25,35.1,3,Rest of India
Telangana,Siddipet,60.8,976,51.3,0,59.8,59.4,54.5,0.9,0.7,1.3,1.3,0,9.6,3.7,11.6,46.7,98.9,74.1,99.7,28.1,19.3,29.6,1.5,Rest of India
Telangana,Suryapet,57.4,980,42.5,1.2,78.2,77.9,75.9,0.4,0,0.4,0.3,0,4,2.3,16.6,36.9,99.7,88.6,95.9,29.1,24.9,30.1,2.8,Rest of India
Telangana,Vikarabad,53.1,775,38.3,2,69.8,69.8,68.7,0,0.3,0,0.4,0,4.6,3,8.6,36.5,98.7,80.8,95,32.1,20,37.1,0.8,Rest of India
Telangana,Wanaparthy,49.3,987,37,4.6,77.3,75.7,74.4,0,0.2,0.3,0.3,0,3.6,2.1,22.3,36.6,100,87.6,99,40.4,15.1,33.2,4.9,Rest of India
Telangana,Warangal Rural,51.8,698,40,1.8,60,57.5,47,8.7,0,0.8,0.3,0.3,9.4,2.4,16.3,53.5,98.7,93.8,100,36.1,19,37.9,2.4,Rest of India
Telangana,Warangal Urban,70.3,829,57.2,1.3,67.7,64.4,50.1,11.2,0.4,0.7,1.2,0,8.9,3.2,27.8,49.4,96.4,92.6,99.7,29.5,29.5,36,4.4,Rest of India
Telangana,Yadadri Bhuvanagiri,59.1,954,48,3,76.2,75,72.3,0.2,0.3,0,0.7,0.2,5,2,20.6,58.5,97.9,93.2,97.7,38.3,10.3,27.2,5.5,Rest of India
Tripura,Dhalai,74.8,1160,13.9,0.3,80.9,53.3,8.6,0,0.3,39,2.3,0.1,4,1.8,3.9,50.8,90.7,72.4,87.3,45.7,15.9,27.6,13.1,Rest of India
Tripura,Gomati,80.1,1043,22.8,0,65.5,48.7,8.6,0.1,0,37.1,2.2,0,12.1,3.7,13.1,40.2,91.1,66.3,93.2,22.7,27.6,29,3.4,Rest of India
Tripura,Khowai,81.3,959,18.9,0,79.9,49.9,9.5,0,0.2,36.2,1.8,0,4.1,2.2,8.7,34.7,97.7,59.7,95.7,47,16.6,24.7,8.1,Rest of India
Tripura,North Tripura,86.4,913,23.7,0.6,78.3,54.4,10.9,0.1,1.1,35.3,4.6,0,6.1,2.5,13.5,62.2,93.8,76.6,85.4,26.2,30,32.2,9,Rest of India
Tripura,Sepahijala,78.9,930,21.7,0.5,58.9,44.2,10.9,0,0.8,26.3,2.7,0.7,15.3,3.9,9.8,39.6,93,72.1,87.7,34.5,14.9,21,12.4,Rest of India
Tripura,South Tripura,80.4,1136,21.6,0.9,50.7,40.3,4.6,0,0.4,27.9,4,0.8,17.3,3.7,13,28.3,84.6,68,89.7,25.5,15.3,21.6,5,Rest of India
Tripura,Unakoti,81.6,1036,18.7,0.4,66.8,40.2,6.2,0.1,0.6,29.6,1.4,0.4,9.7,3.7,5.4,21.9,89.4,44.5,71.5,31.8,19.3,32,1.9,Rest of India
Tripura,West Tripura,85.3,1048,30.9,0,80.1,53.9,15.6,0,0.2,32.5,4.6,0.2,2.5,0.9,9.4,42.1,98.1,87.7,95.3,30.3,11.7,21.2,8.7,Rest of India
Uttarakhand,Almora,72.3,1444,48,2.3,78.6,70.5,37.9,1.8,1.6,4.8,22.1,0.5,6.4,2.6,13.4,68.9,99.4,78.1,80.1,26,17,22.9,4.4,Rest of India
Uttarakhand,Bageshwar,73.9,940,52.2,0.7,78.8,66.4,33.4,4.2,1.5,2.6,23.1,0.4,8.4,2.9,17.3,58.2,99.4,78.1,82,23.6,7.7,11.9,3.5,Rest of India
Uttarakhand,Chamoli,79.1,1026,59,1.4,73.7,64,49,1.2,0.4,1.4,10.8,0.1,9.3,3.6,21.8,70.5,100,72.1,73.9,34.1,16.2,21.6,7.5,Rest of India
Uttarakhand,Champawat,75.9,926,51,0.8,66.7,57.7,38,0.1,0.6,1.7,16.6,0.1,10.4,3.5,28.1,73.9,100,80.8,79.8,24.9,12.4,15.3,4.7,Rest of India
Uttarakhand,Dehradun,82.9,823,62.6,1,75,59.1,19.2,0.5,1.9,2.8,32.8,1,6.5,2.8,27.7,66.4,98,82.4,91.7,20.9,10.1,19.1,3.8,Rest of India
Uttarakhand,Hardwar,73.9,985,40.3,3.9,63.6,50.9,12.8,0.1,1.7,3.8,30.6,0.5,11.8,4.1,11.4,52.2,93.2,74.2,79.8,31.1,16.4,27,4,Rest of India
Uttarakhand,Nainital,80.3,1136,55.2,1.4,74.7,64.4,26.7,1.1,1.8,3.8,29.7,0.1,6.5,2,15.1,59.7,97.8,75.9,81.2,23.2,14,14.8,7.5,Rest of India
Uttarakhand,Pauri Garhwal,75.5,1065,56.2,2.6,78,64,33.9,0.6,1.5,3.5,22.1,0.6,9.9,3.2,9.4,27.6,96.8,64,76,30,12,18.8,4.7,Rest of India
Uttarakhand,Pithoragarh,79.7,911,55.5,1.2,71.2,63.6,42.5,0.7,2.3,0.5,16.9,0.5,11.3,4.5,28.3,59,97.4,82,84.9,25.6,12.4,20.6,4.4,Rest of India
Uttarakhand,Rudraprayag,73,958,56.4,1.7,72.1,61.3,47.6,0.9,1.2,0.4,10.8,0,12.2,4.5,26.7,74.7,99.7,83.6,86.6,25.2,8,10.9,4.2,Rest of India
Uttarakhand,Tehri Garhwal,62.2,866,50.8,1.8,67.3,52.4,36.5,0,1.1,1.1,12.5,0,13.8,5.6,20.4,65.4,93.8,78.5,82.2,29.3,12.8,20.7,2.2,Rest of India
Uttarakhand,Udham Singh Nagar,70.5,1022,41.1,2.1,67.2,51.9,19.6,0.2,1.1,1.7,28.4,0,7.2,2.1,22.8,68.3,98.5,82,85.1,26.8,12.4,22,2.4,Rest of India
Uttarakhand,Uttarkashi,69,869,53.6,2.5,73.8,60.2,42.3,2.7,1.3,1.9,11.7,0.5,7.7,3.9,34.2,51.5,99.6,72,85.9,34.1,10.6,23.5,2.7,Rest of India
West Bengal,Bankura,68.7,1002,27.9,0.4,56.7,51.9,26.6,0,1.4,19.8,3.7,0,12,4.7,12.4,43.6,99.5,67.2,93.3,30.3,26,38.8,1.9,Rest of India
West Bengal,Birbhum,73.6,934,25.8,0.6,82.2,73.9,41.3,0.2,1.6,24.7,5.6,0.3,4.8,2.7,21.6,48.1,98.7,67.5,90.3,37,25.5,41.8,3.4,Rest of India
West Bengal,Dakshin Dinajpur,77.7,1067,30.5,0,78.6,59,26.6,0.1,3.3,17.6,9.9,1,6.1,2.6,16,68.3,99.6,83.2,91.4,31.9,22.8,30.2,3.9,Rest of India
West Bengal,Darjeeling,78.3,1059,41.3,1.1,82.2,67,32.6,0,2.2,19.5,8.8,1.4,5.9,2.7,11.8,49.2,96.8,73.9,98.4,34.3,20.6,31.6,8.2,Rest of India
West Bengal,Haora,82,1062,40.1,0,84.5,68.4,31.6,0,1.9,23.8,9.5,0.4,3.2,1.6,20.5,56.6,96.5,70.7,95.5,27.5,21.3,27.3,4.6,Rest of India
West Bengal,Hugli,81,1025,37,0,74.9,61.3,36,0.3,1.7,13.6,7.8,0.5,7,2.5,13.3,59.7,98.6,56.7,97,28.9,20,33.4,5.2,Rest of India
West Bengal,Jalpaiguri,73.7,1099,33.9,0,82.7,70.1,35.5,0.3,4.6,20.2,7.6,1,4,1.6,15.1,61.1,100,74.8,95.8,28.9,18.3,25.4,5.5,Rest of India
West Bengal,Koch Bihar,75.7,959,26.7,0,81.7,67.7,31.9,0.3,2.1,24,6.4,0.8,4.6,2.3,18.3,49.7,99.6,71.9,93,28.7,16.8,22.5,2.3,Rest of India
West Bengal,Kolkata,87.2,809,55.4,0.7,84.7,71.7,29.8,0,1.6,22.4,15,0.7,2.2,0.3,17.9,57,94.4,72.8,97.5,29.6,29.3,32.9,6,Rest of India
West Bengal,Maldah,71.3,942,30,0.8,75.3,54.7,23.3,0,2.5,19.2,8.2,0.3,9.2,3.4,18.9,46.5,99.7,61.6,87.7,40.5,20,35.3,3.3,Rest of India
West Bengal,Murshidabad,74.7,1054,24.2,2.8,85.4,64.9,39.6,0.1,1,14.5,7.6,0.3,3.5,1.8,6.4,60.9,97.3,49.8,87,39.8,16.3,32.4,3.6,Rest of India
West Bengal,Nadia,77.6,982,28.3,0,59.9,49.3,26.8,0,3.8,10.5,6.9,0.9,12.9,5.9,20.9,61.6,98.4,89.4,97.7,26.1,17.6,25.1,3,Rest of India
West Bengal,North Twenty Four Parganas,82.4,889,40.7,0,78.8,61,22.2,0,3.7,24.3,8.8,1.8,4.4,1.5,21.9,66.5,98.7,87.8,97.5,32.4,13.3,23.6,6.5,Rest of India
West Bengal,Paschim Barddhaman,74.8,787,37.1,2.1,65.3,54,28.2,0,2.1,13.4,8.8,0.1,12,3.6,13.7,25.8,95.5,64.1,89.8,39.7,25.5,41,3.1,Rest of India
West Bengal,Paschim Medinipur,72.1,1005,26.2,0.4,60.7,55.6,32.1,0.4,1.4,18,3.1,0.5,11.5,5.7,23.5,49.3,99.1,79.7,87.6,31.1,30.3,40,1.7,Rest of India
West Bengal,Purba Barddhaman,71.2,877,27.3,0,67.9,58.5,37.2,0,0.8,15.9,3.8,0.3,8.6,3.9,16,36,100,65.2,96,32.7,21.1,31.6,3,Rest of India
West Bengal,Purba Medinipur,83,777,30.9,0,59.3,48.1,16.4,0,1.2,26.2,3.5,0.1,12.3,4.1,20.6,50,98.8,48.5,91.5,25.8,15.5,30.6,3.1,Rest of India
West Bengal,Puruliya,63.6,860,26.9,0.9,51,41.3,26.5,0.1,2.4,6.7,4,0.5,16.1,6.3,21.2,30.7,98,51.5,89.8,36.9,29.4,46.3,1,Rest of India
West Bengal,South Twenty Four Parganas,80.9,1099,34.9,0,82.9,67.9,21.9,0.1,2.8,34.8,5.4,1.1,3.7,1.7,17.7,54.5,98.6,67,91,36.7,21.2,32.2,7,Rest of India
West Bengal,Uttar Dinajpur,68.1,1155,29.3,1.8,81.2,60.9,25.9,0.1,1.5,20.7,9.5,1.4,4.4,3.3,10.3,50.6,97.8,60.9,76.9,44.8,16,32,7.1,Rest of India
Himachal Pradesh,Bilaspur,81.3,875,64.2,0.5,80.8,70.3,53.1,2.5,0.4,1.5,12.4,0.2,7.2,2.4,25,49.8,99.3,92.9,91.7,40.1,12,38.8,5,Rest of India
Himachal Pradesh,Chamba,70.1,1001,50.9,1.9,81.8,65.2,24.4,18.4,0.2,0.9,19.3,0,6.2,2.9,31.8,NA,98.7,72.9,72,42.6,15.4,26,9,Rest of India
Himachal Pradesh,Hamirpur,86.7,1073,76.1,0.6,57.7,51.4,35,1.1,1.3,1.1,12.4,0,12.6,4.5,17.3,32.7,97.8,88.9,97.6,27.3,14.9,23.6,0.8,Rest of India
Himachal Pradesh,Kangra,84.1,795,69.9,1,59.1,52,32.6,0.5,1.3,1.1,16.4,0,11.8,3.6,15.8,NA,96.4,88.7,90.2,28,19.4,32,2.3,Rest of India
Himachal Pradesh,Kinnaur,73.8,691,56.1,2.5,83.4,76.7,26.7,14.4,8.8,4.8,21,0.4,4.1,1.8,19.3,67.7,97.5,83.4,82.7,32.2,11.3,18.9,9,Rest of India
Himachal Pradesh,Kullu,77.4,1017,54.4,0.9,78.3,67.5,32.6,9.7,0.9,2.8,20.9,0.3,5,1.4,16.8,69.7,99.3,84.6,87,35.9,16.1,25.6,11.2,Rest of India
Himachal Pradesh,Lahul and Spiti,65.6,1182,55.9,1.5,78.5,66.3,27.5,13.3,4.4,1.6,18.1,0.9,5.7,1.4,16.4,46.4,99.4,81.1,86.4,28.5,16.3,18.4,7.4,Rest of India
Himachal Pradesh,Mandi,79.2,840,71.8,0.8,81.4,71.3,50.5,1.4,0.6,1.1,17.6,0.1,7.1,2.8,14.2,44.8,100,84.2,86.6,31.3,19.9,21.3,7,Rest of India
Himachal Pradesh,Shimla,81.6,808,69.7,0.9,89.1,76,36.8,4.1,1.3,1.8,31.2,0.4,3.8,1.3,29.1,76.9,100,91.6,92.2,27.1,15.5,14.9,8.1,Rest of India
Himachal Pradesh,Sirmaur,75.7,925,55.6,2.4,86.9,74.5,44.2,1.4,1.3,1.9,25.8,0,3.1,1.6,24.9,76.5,100,88.7,87.4,28.6,18.5,24.2,6.6,Rest of India
Himachal Pradesh,Solan,82.4,882,62.3,3.3,84.6,65.5,41.7,1.7,0.6,0.9,19,0,2.9,1.8,21.8,71.6,98.6,85.9,90.2,32.3,20.9,26.7,5.7,Rest of India
Himachal Pradesh,Una,86.1,873,66.8,0,53.3,45.9,26.3,0.2,2.4,2.3,14.6,0,15.8,5,14.8,71.4,99.4,84.9,89.7,24.7,13.1,25.8,2.8,Rest of India
Madhya Pradesh,Agar Malwa,56.3,1212,19.3,0.6,78.2,73,64,0,0.6,1.2,5.8,0,3.4,3,24.2,55,98.6,89.9,98.9,40.3,18.7,35.7,0,Rest of India
Madhya Pradesh,Alirajpur,45.4,942,17.3,5,75.9,72.2,61.2,0.1,1.1,3.3,6.1,0.4,6.8,3.2,40.5,76.1,99.3,79.9,83.2,34.6,15.4,31.6,2.3,Rest of India
Madhya Pradesh,Anuppur,65,970,28.6,2.1,65.5,57.6,52.2,2.1,0.7,0.1,1.2,0,8.2,3.2,30.7,79,99.1,85.6,84.8,24,18.4,30.7,0.9,Rest of India
Madhya Pradesh,Ashoknagar,62.4,915,17.6,3.4,76.6,68.2,57.8,0.4,0.5,0.8,7.6,0.2,6.5,3.1,24.8,46.2,98.1,77.8,91.3,32.6,19.7,31.1,0.5,Rest of India
Madhya Pradesh,Balaghat,72.8,979,39.2,1.3,75.2,70.1,60,4.7,0.3,0.7,1.6,0,6.5,3.7,49.8,96.6,100,92.1,95.1,41.9,20.5,44.9,1,Rest of India
Madhya Pradesh,Barwani,54.1,896,19.3,3.8,76.1,73.5,59,0.3,0.9,2.9,7.9,0.3,6.6,3.5,41.3,78.7,99.1,81.4,85.1,45.8,18.9,41,3.6,Rest of India
Madhya Pradesh,Betul,71.2,1049,38.7,2.5,77.2,70.7,58.7,1.5,0.8,1.2,5.7,0,4.6,2.2,34.1,59.5,96.9,85.4,87.6,30.8,21.7,31.4,0,Rest of India
Madhya Pradesh,Bhind,66.9,968,28.9,2.2,58.7,48.5,38.4,0.2,1.2,0.7,5.7,0.3,17.2,7.6,27.8,69.7,97.8,84.2,93.5,32.2,12.4,29,1.2,Rest of India
Madhya Pradesh,Bhopal,78.3,NA,47.4,0.5,78.7,73.7,46.4,0.6,2.9,3.9,17.3,0,9.6,5.2,20.6,78.1,95.4,89.5,98.3,19.9,20.6,29.1,1.8,Rest of India
Madhya Pradesh,Burhanpur,69.8,816,26.3,3.4,75.7,71.5,53.1,0.1,0.9,4.8,10.8,0.5,6.8,3.5,32.7,82.8,98.8,84.6,90.7,38.7,27.9,47.2,3.2,Rest of India
Madhya Pradesh,Chhatarpur,65.1,925,24.7,5.4,72.9,60.6,48.8,0.2,0.3,0.4,8.9,0.1,6.4,3.9,17.8,53.6,91.2,72.2,85.2,45.1,17.5,34.6,1.4,Rest of India
Madhya Pradesh,Chhindwara,73.1,1078,40.2,2.6,80.2,74.2,65.4,0.7,2.1,0.8,4.6,0,3.6,2.3,35.1,60.1,98.3,90.2,92.2,23.9,18.1,32.8,0.3,Rest of India
Madhya Pradesh,Damoh,70.3,751,24.8,3.7,72.9,67.5,58.1,0,1.2,1.4,4.6,0.2,6.4,3.6,16.8,57,96.2,75.8,85,40.3,16.2,32.3,2.4,Rest of India
Madhya Pradesh,Datia,67.4,658,27.8,1.9,73.1,66.3,58.2,0,0.2,0.8,5.9,0,7.4,4.2,32.2,56,98,82,89.4,36.8,16.4,29.4,2.8,Rest of India
Madhya Pradesh,Dewas,68.6,885,27.7,1.9,63.6,61.2,45.5,0.1,0.9,3.6,9.8,0.8,7.7,3.1,15.1,64.9,96.1,84.3,92.2,36.8,20.4,30.7,4.5,Rest of India
Madhya Pradesh,Dhar,59.5,1056,23.8,2.1,77.7,75.5,60.9,0.3,2.4,3.9,6.1,1.2,4.8,2.4,24.5,84.4,84.9,91.4,95.5,28.8,29.5,35.9,5.2,Rest of India
Madhya Pradesh,Dindori,64.8,903,25.8,3,78.1,70.4,62.4,0.6,1.8,1,2.2,0.7,3.5,2.5,38.3,73.4,99.5,82.9,77.6,38.9,15.8,33.6,1.9,Rest of India
Madhya Pradesh,Guna,61.4,825,17.7,2.8,73,69.2,56.6,0.1,0.6,2.3,8,0.6,8.5,5,35.1,67.7,98.6,78,98,31.9,10.1,25.1,1.6,Rest of India
Madhya Pradesh,Gwalior,72.2,753,37.9,3,60.6,51.5,36.5,0.2,0.5,2.3,10.9,0.2,13.4,5.9,22.5,70.5,97.7,81.3,94.8,40.1,12.4,33,0.7,Rest of India
Madhya Pradesh,Harda,74.1,891,30.8,0.6,78,75.5,57,0.3,0.4,4.2,10.9,0.9,5.2,3.1,23.9,78.3,97.3,83.9,88.4,38.8,28,34.7,5.3,Rest of India
Madhya Pradesh,Hoshangabad,74,950,35.5,2.7,28.6,28,20,0.2,0.4,1.6,4.9,0.1,17.7,7.1,16.8,52.1,94.5,67.6,91.8,34.8,19.5,27.2,2.8,Rest of India
Madhya Pradesh,Indore,78,996,47.7,1.9,83.4,79.6,47.9,1,2.3,4.6,22,1,4,2,27.1,79.1,94.2,92.6,96.5,28.7,21.2,24.9,2.2,Rest of India
Madhya Pradesh,Jabalpur,70,NA,30.4,0,83,77.8,74.1,0.8,0.5,0.5,1.9,0,2.9,1.4,28.8,54.5,97.9,97.5,94.7,18,26.4,31.3,0,Rest of India
Madhya Pradesh,Jhabua,45.9,1156,16,7.1,76,71.6,58.8,0.2,1,1.8,5.4,0,5.8,2.4,38.2,84.2,97.7,86.5,92.9,49.3,17.9,41.7,1.1,Rest of India
Madhya Pradesh,Katni,71.4,958,32.5,3,72.4,64.1,50.8,1.1,1,2.2,6.3,0.5,6,3.2,27.3,55.6,98.9,82.2,91.8,49.5,21.8,44,1.7,Rest of India
Madhya Pradesh,Khandwa (East Nimar),67.1,1272,27.9,2,72.9,71.1,64.8,0,0,2.2,3.6,0.1,8.5,6.4,36.1,78.2,97,93.3,93.2,38.4,20.7,35.3,3.2,Rest of India
Madhya Pradesh,Khargone (West Nimar),62.1,1043,27.2,2.7,77.8,75,62.4,0.1,0.9,1.9,9.1,0.5,5.5,3.7,40,85.7,99.7,83.7,92.8,31.4,27.4,44,4.9,Rest of India
Madhya Pradesh,Mandla,68.3,1130,30.5,2.2,79.1,74.3,64,1.4,2,1.1,3.4,0.3,3.6,1,38.8,63.7,98.5,84.2,87.6,32.1,15.9,33,2,Rest of India
Madhya Pradesh,Mandsaur,63.1,1021,24.1,0.4,72.6,64.8,48.1,0.8,0.5,2.6,11.8,0,8.7,4.6,35.8,79.4,99.6,93.6,99.4,30.9,13.1,22.9,1.2,Rest of India
Madhya Pradesh,Morena,67,1087,25.6,4.5,58.9,51.8,42.5,0,0.4,1.7,5.2,0.2,15,7.8,20.8,63.9,99.4,84.2,94.8,40,10.1,29.6,2.4,Rest of India
Madhya Pradesh,Narsimhapur,73.8,947,31.4,3.4,78.9,70.4,63.4,0.1,0.8,1,4.3,0.4,3.5,1.8,24.4,69.4,98.1,91.4,91.4,32,19.6,28.1,1,Rest of India
Madhya Pradesh,Neemuch,64.1,993,27.9,1.2,73.4,66.3,48.9,1,0.5,2.9,11.1,0.1,7.6,3.9,32.4,74.6,99.7,93.3,97.5,33,13.1,27.7,2.5,Rest of India
Madhya Pradesh,Panna,63.7,889,24,5,67.6,57.8,47,0.1,0.7,1.3,7,0.8,9.4,4.2,21.7,58.2,87.9,73.5,84,45.1,23.2,39.2,2.4,Rest of India
Madhya Pradesh,Raisen,73.3,754,34.6,3.1,76.3,72.6,53.7,0.7,0,1.7,16.3,0,5.3,2.8,25.2,83.9,98.7,88.8,96,30.4,21.1,25.4,0,Rest of India
Madhya Pradesh,Rajgarh,58.9,971,21.3,3.1,69.2,59.7,42.7,0.1,1.1,2.5,11.7,0.2,8.7,3.8,15.4,62.1,98.3,73.3,91.7,27.6,22.4,26.8,4.1,Rest of India
Madhya Pradesh,Ratlam,66.2,1067,23.8,2.1,72.6,68.3,51.6,0.6,0.5,1.9,12.4,0.2,7,3.5,29.3,70.9,99.3,84.6,95.2,29,16.2,28.6,1.2,Rest of India
Madhya Pradesh,Rewa,65.2,954,23.1,5.5,70.7,59.9,46.7,1.2,1.3,1.2,6.4,1,8.8,3.8,24.2,66.3,96.2,77.7,80.4,37,18.7,31.5,2.9,Rest of India
Madhya Pradesh,Sagar,76.4,939,32.9,3.2,68.5,60.9,47.5,0.5,0.7,1.6,8.1,0.1,8,3.6,23,61.7,94.4,71.5,86.9,42.7,15.2,35.8,2.3,Rest of India
Madhya Pradesh,Satna,71.9,658,31.5,5.7,71.6,61.2,52.1,2.4,0.7,0.5,3.8,0.5,9.1,3.4,25.8,69.8,89,81.3,85.5,49.4,16.8,31.2,2.3,Rest of India
Madhya Pradesh,Sehore,68.5,824,28.2,2.1,53.4,51.5,34.6,0.4,0.7,2.9,11.3,0.8,14.7,6.1,14.6,51.5,95.4,74.4,94.7,21.9,20.3,27.6,3,Rest of India
Madhya Pradesh,Seoni,71.3,1212,33,2.7,78,74.5,65,0.4,1.3,0.8,4.7,0.3,4.4,2.9,37,57.6,100,93.4,94.8,23.5,21.1,31.1,0,Rest of India
Madhya Pradesh,Shahdol,67.2,1032,30.7,2.5,64.5,58.3,47.1,2.6,1.7,0.5,3.2,0.2,9.2,5.1,35.3,72.7,100,83.2,85.6,44,20.4,39.2,2.1,Rest of India
Madhya Pradesh,Shajapur,62.6,1012,19.6,1.9,78.2,71.8,53.4,2,1.8,1.9,10.9,0.9,6.1,3,28.2,75.9,97.9,85.6,98.1,27.8,23.4,27.6,2.5,Rest of India
Madhya Pradesh,Sheopur,53.1,974,15.9,4.1,67.7,63.5,51.8,0,0.7,2,7.2,0.4,9,5,32.5,63.3,95.3,76.2,84.2,45.8,16.2,37.7,1.2,Rest of India
Madhya Pradesh,Shivpuri,61.4,963,21.2,3.7,64.3,55.5,49.1,0,0.3,0.3,5.2,0.3,12.7,7.7,31.5,54.1,95.4,88.1,94.5,39.2,18.4,36.1,0,Rest of India
Madhya Pradesh,Sidhi,66.7,763,27.1,3,71.7,58.6,41.9,2.7,2.5,0.9,6.6,0.6,6.4,2.3,25.7,79.8,97.7,79.7,83.8,39.1,16.6,32.8,2.5,Rest of India
Madhya Pradesh,Singrauli,60.9,884,29.9,4.2,58.1,50,42.1,1.6,1.8,0.2,1.2,0,12.5,5.2,38.9,77.9,97.3,72.2,69.9,37.3,25.2,36,0.9,Rest of India
Madhya Pradesh,Tikamgarh,66.8,1105,25.8,2.2,76.2,71,66,0,0.2,0.8,3.7,0.2,4.1,2.6,42.8,69,99.5,86.9,89.8,27.5,19.7,34.9,0,Rest of India
Madhya Pradesh,Ujjain,68.9,958,29,1.6,75.4,72.9,56.1,0.4,0.9,3.1,11.8,0.1,6.4,4.2,18.3,80.4,97.3,84.5,97.1,34.7,29.8,36.2,2.8,Rest of India
Madhya Pradesh,Umaria,68,906,26.4,4.3,71.2,60.5,49.6,1.4,0.8,0.9,5.3,0.1,5.7,2.6,40.5,82.9,96.3,89.7,92.2,45.3,15.5,36.6,2.7,Rest of India
Madhya Pradesh,Vidisha,69.2,960,21.7,4.9,75.1,64.6,44.7,0,1.4,3.4,13.8,1,5.9,3.4,28.5,63.8,100,87.8,90.6,36.5,16.6,34.4,0.3,Rest of India
NCT Delhi,Central,84.4,994,57.1,0.8,68.5,49.8,17.6,0.6,5.7,2.1,22.9,0.5,9.4,3.3,11.9,59.8,94,84.9,92.2,33.5,13.5,25.5,4.1,Rest of India
NCT Delhi,East,84.4,820,57.2,1.9,81.9,60.3,17.3,0,5.8,2.4,32.8,0,2.6,0.7,23.3,87.6,96.6,90,92.6,35.2,15.7,29.9,6.1,Rest of India
NCT Delhi,New Delhi,85.9,898,57.9,0,77,59.9,17.8,0.3,7.3,2.6,30.8,0,5.3,1.8,16.4,66.7,96.8,86.4,91.8,27.4,6.8,20.7,3.7,Rest of India
NCT Delhi,North,82.7,936,59.8,0.6,79,57.8,12.9,0.3,6.8,1.7,34.2,0.2,5.1,1.7,20.5,72.4,94.3,82.6,89.2,38.7,8.8,21.8,6.2,Rest of India
NCT Delhi,North East,84.2,878,62.9,0.7,80,60.5,18.8,0.1,7.7,2.4,28.8,0.6,5.3,1.6,17.8,58,97.9,86.1,94,26.9,10.9,22.8,3.2,Rest of India
NCT Delhi,North West,80.8,1084,53.9,1,57.4,47.3,17.7,0.1,6.6,3.2,17.8,1.1,15.7,5.8,13.1,82.4,85.6,68.9,89.7,25,8.9,17.4,2.9,Rest of India
NCT Delhi,Shahdara,83.1,976,58.4,1.9,78,56.1,14.9,0,5.6,2.7,30.2,0.4,4.6,2.1,22.1,79.3,93.6,91.5,95.8,32.9,21.2,30.2,3.7,Rest of India
NCT Delhi,South,83.9,951,65.5,1.4,84.1,65.2,18,0.4,6.9,3.5,34.3,0.4,2.6,1,26.1,86.9,96.2,92.3,96.1,21.7,14.7,20.4,4.6,Rest of India
NCT Delhi,South East,86.6,701,68.4,1.3,78.5,60.8,21.2,0.4,6.4,2.4,29.4,0.2,4.6,1.5,23.9,76.9,96.2,92.4,92.5,27.1,10.6,16.8,4.7,Rest of India
NCT Delhi,South West,83.5,985,61.6,1.1,83.2,62,21.9,0.2,6.1,1.7,31.5,0.4,2.6,0.8,10.2,64.4,96.6,82.9,82,33.4,9.4,18.9,7.1,Rest of India
NCT Delhi,West,83.3,932,56.3,3.4,75.4,56.6,18.9,0.1,7.5,4.1,24.6,0.1,7,1.5,9.2,62.9,90.5,86.9,91.8,36.1,8.4,19,2.1,Rest of India
Rajasthan,Ajmer,67.3,848,40.2,3.1,60.6,56.6,41.1,0.1,0.5,2.4,12,0.3,11.9,5.2,27.4,48.1,97.5,82.3,95.1,22.3,20,23.1,2.8,Rest of India
Rajasthan,Alwar,64,1127,35.1,5,54.6,47.3,34,0.4,2.2,1.5,8.5,0.6,12,5.9,13.5,54.7,91.8,72.9,91.3,33.9,15.6,24,4.1,Rest of India
Rajasthan,Banswara,55.9,835,28.5,2.8,70.4,58.5,43.5,0,0.6,2.2,8.5,1.7,8.1,3.1,39,68.2,96.7,94,97.7,44.6,17.3,38.7,2.1,Rest of India
Rajasthan,Baran,61.7,1077,24.4,2.2,78.9,71.8,51.3,0,1,3,13,2.8,4,2.9,23,66.1,100,92.4,97.3,46,21.3,40.2,3.2,Rest of India
Rajasthan,Barmer,67,877,25.6,3.5,77.9,66.7,46.3,0,0.5,4.5,13.5,1.4,5.1,2.8,26.8,73.6,99.8,83.3,93.3,39.1,11.5,31.7,2.2,Rest of India
Rajasthan,Bharatpur,62.4,845,30.3,4.3,61.2,48.4,35.9,0,0.7,1.8,8.5,0.4,11.3,4.7,19.3,47.9,95.5,75.9,92.1,40.3,12.2,29.1,5.1,Rest of India
Rajasthan,Bhilwara,57.1,802,25.3,1.3,71.1,58.9,41.8,0.1,2.2,1.6,12.2,0.4,7.2,4.6,25.4,83.9,99.4,95.7,95,22.6,17.4,23.5,2.7,Rest of India
Rajasthan,Bikaner,64.6,907,30.2,3.9,79.5,67.5,43.4,0.1,1.7,1.7,19.9,0.1,4.6,2.7,23.6,42.5,98.7,81.2,90,22.8,25.6,28.5,3.4,Rest of India
Rajasthan,Bundi,57.9,803,27.4,2.2,75.8,66.6,46.1,0,0.3,3.9,14.2,0.9,7.1,4,29.1,63.2,97.9,85.2,95.3,30,19.6,29.1,1,Rest of India
Rajasthan,Chittaurgarh,55.3,861,24.8,1.7,66.9,49.6,33.5,0.1,1.6,2.1,9.6,1.1,8.1,3.2,33.5,72.4,97.2,91.2,96.8,31.4,14.6,25.9,1,Rest of India
Rajasthan,Churu,62.9,944,33.4,3.4,76.7,68.4,43.5,1.7,0.9,5.2,15.8,0.2,7.6,3.5,25.3,42.8,97.4,73.9,87.8,27.1,16.5,23.4,4,Rest of India
Rajasthan,Dausa,59.4,863,34.6,4.2,80,68.7,54.6,0.3,1.2,1.8,10.2,0.2,5.2,3.1,14.7,58.5,98.3,89.7,98.2,37.7,20.7,33.5,2.2,Rest of India
Rajasthan,Dhaulpur,63.2,929,27,6,67.9,52.9,35.1,0,1.3,2.2,11.5,1.2,10.9,4.5,17.5,54.2,97.1,79.4,94.4,45.7,13.7,31.3,5.6,Rest of India
Rajasthan,Dungarpur,64.6,843,32.5,0.9,70.7,60.8,41.6,0,2.9,2.9,12.2,1.3,5.9,1.8,16,71.2,100,92.6,94.1,31.4,15.6,25.9,2.5,Rest of India
Rajasthan,Ganganagar,68.6,906,39.3,0.8,81.1,72.8,48.5,0.6,2,2.9,17.7,0,5.1,3.6,32.4,54.5,99.2,85.9,97.7,24.5,24.9,26.1,4.5,Rest of India
Rajasthan,Hanumangarh,65.1,1117,38.4,2.3,80.2,70.7,49.9,0.7,1.1,5.1,13.2,0.4,6.1,3.2,21.7,49.4,99.7,83.4,94.9,24.2,19.8,21.3,3.9,Rest of India
Rajasthan,Jaipur,68.1,915,47.9,1.3,76.9,66.7,44.8,0.4,1.7,2,16.9,0.4,5.4,2.8,20.2,58.8,97.6,89.4,97.3,25,14.6,20.8,2,Rest of India
Rajasthan,Jaisalmer,61.7,818,18.7,4.5,83,68.2,49.3,0.3,1.5,3.3,12.5,0.9,5.6,2.8,25.5,54.4,98.4,80.1,90,25.5,25,31.7,2.7,Rest of India
Rajasthan,Jalor,59.5,769,22.2,2.4,54.2,46.2,34.2,0,0.5,2.1,8.7,0.3,14.8,6.9,27.2,75.7,98,87.6,95.5,44.3,12.1,36.5,3,Rest of India
Rajasthan,Jhalawar,55.6,905,22.4,1.3,74.4,67.8,49.3,0,0.4,1.9,13.8,0.7,6.8,4.3,27.4,67.2,99.8,89.7,98.3,34,29,38.1,1.4,Rest of India
Rajasthan,Jhunjhunun,66.8,946,45.2,2.1,77.8,69.1,48.3,1,0.5,4,14.4,0.2,7.1,3.7,26.8,52.3,98.9,84.6,97.1,20.9,13.9,19.6,5.9,Rest of India
Rajasthan,Jodhpur,64.8,872,34.6,2.6,78.9,66.4,41,0,1.6,4.8,18,0.3,5.7,3.2,21.5,70.8,99.4,81.6,90,32.6,13.3,25.4,5.5,Rest of India
Rajasthan,Karauli,56.5,863,22.7,4.2,72.7,61.2,49.5,0,1,1.5,7.5,0.7,6.9,3.6,22.4,60.3,97.4,89.4,97.6,37.6,26.6,37.3,2.3,Rest of India
Rajasthan,Kota,74.7,870,44,1.8,77.2,68.3,39.9,0,2.1,2.5,22.7,0.8,4.6,2.7,31.1,59.5,98.7,88.8,97.9,29.5,20.8,26.4,3.3,Rest of India
Rajasthan,Nagaur,62.9,817,32.3,1.3,83.4,69.3,40.9,0.2,1.4,6.6,19.4,0.5,4.4,2.2,22.2,64.6,99.5,80.8,97,31.5,16.2,26.2,3.7,Rest of India
Rajasthan,Pali,67.1,998,36.6,1.4,57.8,47.6,33.5,0.1,1.1,2.9,9.1,0.4,12.9,5.2,30.6,65.1,98.5,96.4,98.8,35.9,18.3,35.9,0.9,Rest of India
Rajasthan,Pratapgarh,57,919,23.5,2.9,72,61.8,46.1,0.5,1,1.8,11.9,0.1,6,3.1,30.5,76,98.7,94,96.4,29,24.9,31.8,2.9,Rest of India
Rajasthan,Rajsamand,64.2,800,33.9,2.2,56.6,50.7,36.9,0,1,1.9,10,0.2,14.7,7.4,22,54.4,99.7,82.6,95.1,30.3,16.6,23.7,4.5,Rest of India
Rajasthan,Sawai Madhopur,57.4,849,28.3,3,58.7,50.2,37.1,0.1,0.3,2.4,9.4,0.4,11.5,5.3,15.4,49.2,95.3,75.2,97.4,26.9,22,24.2,3.4,Rest of India
Rajasthan,Sikar,67.9,770,41.4,2.3,75.2,63.3,38.6,0.4,2.2,4.7,17.2,0.2,10.3,4.7,20.2,58,97.2,83.5,95.8,23.1,12.8,18.3,4.1,Rest of India
Rajasthan,Sirohi,59.4,1064,25.7,2.2,67.9,61.5,43,0.2,2.5,4.3,10.3,1.1,8.9,3.7,30.1,71.7,99.7,91.1,95.7,30.7,16.4,31.2,2.5,Rest of India
Rajasthan,Tonk,54.8,969,27.3,1.6,69.1,61.3,47.3,0.1,1.3,1.9,9,0.6,8.7,4.4,16.5,51.1,97.8,84.5,97.4,33.1,18.1,28.2,4.8,Rest of India
Rajasthan,Udaipur,63.8,833,30.1,1.8,75.5,65.7,43.8,0,3.5,3.4,13.5,1.3,4.4,2.1,34.6,71.1,100,96.6,96.1,34,8.6,26.6,1.8,Rest of India
Uttar Pradesh,Agra,69.4,902,36.1,3.3,67.7,47.1,20,0.1,2.4,4.2,18.7,1.4,9,4,12.8,53.6,85.9,77.2,89.1,35.9,16.4,26.2,3.4,High-Fertility States
Uttar Pradesh,Aligarh,68,1030,37.5,3.9,68.2,39.7,12.7,0.2,2.7,2.3,20.3,1.3,6.4,1.6,27.7,69,98.1,82.1,82.6,35,10.9,26.3,2,High-Fertility States
Uttar Pradesh,Ambedkar Nagar,71.6,818,53,2.4,48.9,20.7,12.7,0,0.4,0.9,4.6,0.4,22.9,6.9,20.2,62.6,97.8,76.8,92.2,31.1,17.8,29.2,1.9,High-Fertility States
Uttar Pradesh,Amethi,66.1,844,34.6,3.3,48.4,30.5,14.4,0,0.7,1.6,11.7,0.5,19.9,7,34.4,77.4,96.8,76.3,90.8,35.8,19.9,33.1,1.2,High-Fertility States
Uttar Pradesh,Auraiya,75.9,880,46.2,2.3,51.4,32.3,13.3,0,0.7,1.3,14.3,0.1,18.7,6.2,42.9,66.3,98.6,77.8,90.1,39.7,19.4,32.6,7.3,High-Fertility States
Uttar Pradesh,Azamgarh,71.2,839,52.6,5.2,52.7,31.4,23.3,0,0.6,0.9,5.9,0.2,20.7,8.2,17.8,53.3,96.6,72.9,93.2,33.4,14.4,28,0.5,High-Fertility States
Uttar Pradesh,Baghpat,71.6,818,44,5.3,71.7,45.2,15.6,0,2.3,3.6,22.5,0.4,5.2,2.1,19.8,75,96.1,79.1,80.9,25.5,10.3,26,1.7,High-Fertility States
Uttar Pradesh,Bahraich,48.2,848,14.4,4.6,38.4,33.4,5.8,0.1,1.2,8.3,14.4,2.8,27.6,11.1,31.2,75.4,85.9,52.4,67.7,52.1,14.4,38,4.1,High-Fertility States
Uttar Pradesh,Ballia,68.1,1062,50.1,3.5,55.2,41.9,15.5,0,1,12.4,10.3,1.3,20.2,5.7,33.9,77.6,95.8,76.6,90,43.8,21.9,42.5,2.2,High-Fertility States
Uttar Pradesh,Balrampur,53.1,1034,16.8,3.2,49,39.4,6.6,0,2.6,11.1,14.3,3.4,22.3,7.8,31,NA,95.7,62.1,69.7,41.2,24.9,37.2,3.9,High-Fertility States
Uttar Pradesh,Banda,61.8,971,27.1,5.5,62.4,45.6,16.7,0,0.6,6.5,20,0.1,15.3,5.1,35.5,81.2,95.1,73.7,89.8,51,25.7,49.8,6.3,High-Fertility States
Uttar Pradesh,Bara Banki,65.1,951,29.5,3.9,45.4,38.3,9.8,0,1.6,3.5,19.3,1,21.4,7.9,19.4,65,91.6,41.5,76,41.9,18.1,31.9,3,High-Fertility States
Uttar Pradesh,Bareilly,55.8,1084,22.1,3.5,68.8,43.5,16.7,0.4,0.8,3.3,21.5,0.3,5.9,1.8,27.6,59.9,94.8,75.2,75.1,45.9,15.4,35.2,1.4,High-Fertility States
Uttar Pradesh,Basti,64.4,895,40.9,2.6,72,53.8,12.2,0,3.3,15.5,14.2,6.8,11.1,4.1,22.2,71.8,99,83.8,93.2,35.9,24.2,39.2,2.7,High-Fertility States
Uttar Pradesh,Bijnor,69.6,951,39.7,3.7,68.1,47.3,11.3,0,0.7,3.2,30.4,0.4,5,1.7,25,76,96,82.4,83.7,36.2,9.4,21.9,2.7,High-Fertility States
Uttar Pradesh,Budaun,54.9,870,21.6,4.1,76.9,42,7.3,0,1.2,2.8,26.4,1.3,4.3,1.5,16.6,80.3,94.4,62.4,72.3,51.8,18.2,43,3.8,High-Fertility States
Uttar Pradesh,Bulandshahr,67.7,841,37.8,4.8,72.9,40.4,13.7,0.3,1.9,1.4,22.3,0.5,5.1,1.8,19.6,64,97.1,82.5,83.5,37.6,13.8,26.5,2.9,High-Fertility States
Uttar Pradesh,Chandauli,68.8,877,47.2,3.4,60.4,48.7,34.9,0.2,0.6,2.2,7.4,2,15.4,5.5,24.6,69.2,96.5,65.2,86.2,39.5,17.4,29.9,0.6,High-Fertility States
Uttar Pradesh,Chitrakoot,63.8,889,30.2,2.8,57.1,49,32.8,0.1,1.3,3.2,8.8,0.4,12.7,4.7,25.9,69,93.9,50.3,81.1,47.5,24.8,41.8,6.7,High-Fertility States
Uttar Pradesh,Deoria,69,1002,50.4,1.9,56.2,45.9,18,0.1,3.1,5.4,16.4,2.3,20.4,6.3,24.7,79.3,96.2,77.2,93.4,36.8,26.5,39.4,3.4,High-Fertility States
Uttar Pradesh,Etah,68,1004,38.8,4.1,73.1,39.7,7.8,0,1.8,3.3,24.2,0.9,7,2,13.4,56.5,96.2,60.2,76.7,48.8,15,30.6,3.7,High-Fertility States
Uttar Pradesh,Etawah,74.6,799,45.7,2.6,71,48.9,14.4,0.1,1.1,4.8,26.9,1.4,8.3,2.4,27.5,65.4,94.6,79.3,85.2,38.8,13.9,24.3,2.6,High-Fertility States
Uttar Pradesh,Faizabad,71.1,885,49,1.5,46,21,11.3,0,0.8,0.7,7.6,0.5,25.9,12.3,16.2,50.4,94.1,75.5,89.1,30.6,12.4,27.5,2.6,High-Fertility States
Uttar Pradesh,Farrukhabad,67.1,789,33.3,4.3,67.2,40,8.3,0,2.3,2.6,24.6,1.6,7.7,3.5,29.6,81.3,91.7,72.5,69.3,47.8,14.3,31.1,4.7,High-Fertility States
Uttar Pradesh,Fatehpur,63.4,890,37.3,3.7,66.2,58,8.4,0,0.7,6.6,38.9,0.9,9.7,2.7,35.6,73.9,96.8,66.8,81.4,51.1,17.8,38,3.6,High-Fertility States
Uttar Pradesh,Firozabad,72.5,871,42.4,4.8,66.9,34.6,15,0,1.2,2.3,14.7,0.4,9.2,3.2,18.3,47.1,92.7,73.7,80.1,46.9,9.5,25.6,4.8,High-Fertility States
Uttar Pradesh,Gautam Buddha Nagar,78,735,51.9,2.9,76.3,55.9,24.2,0.2,3.2,2.3,25,0.7,5.3,2.4,23.7,67,97.6,85.4,86.6,25.5,12,21.9,0.6,High-Fertility States
Uttar Pradesh,Ghaziabad,78.9,1182,55.2,3.7,72.7,51.1,15.9,0,3,0.2,31.9,0,5.3,2.8,22.6,95.5,95.5,84.8,86.4,28.2,17.1,23.4,3,High-Fertility States
Uttar Pradesh,Ghazipur,69.7,972,51.4,2.8,62.9,51.2,20.9,0,1.9,10.1,12.1,2.8,13.4,4.9,30.5,68.5,97.7,71.5,88.3,39.3,25.7,38.3,3.6,High-Fertility States
Uttar Pradesh,Gonda,61.7,896,31.5,2,41.1,37.1,8.7,0.2,1.7,6.6,15.9,2.3,24.5,9.2,33.2,62.2,97.1,68.6,81.8,45.9,12.1,28,4.7,High-Fertility States
Uttar Pradesh,Gorakhpur,67.6,943,42.8,1.7,63.8,48.9,19,0,0.8,6.9,20.1,1.4,14.7,4.3,30.6,84.7,98.6,79.1,91.6,29.6,23.3,33.7,1.3,High-Fertility States
Uttar Pradesh,Hamirpur,70.8,882,37.6,2.6,61.3,47.5,21.9,0,0.1,3.8,19.1,0.6,14.4,6.2,38.4,77.7,99.7,87.2,96.3,48,20.6,36.3,9.1,High-Fertility States
Uttar Pradesh,Hapur,71.8,785,43.5,5,70.3,47.6,15.3,0.1,2.1,2.4,26.5,0.7,4.8,2.2,31.4,85.1,98.9,83,83.3,30.2,18.5,26.9,5.1,High-Fertility States
Uttar Pradesh,Hardoi,64.6,1097,26.5,4.6,58.3,46.2,6.9,0,1.1,4.4,31.5,0.2,13.4,4.5,31.2,79.8,96.2,67,73.9,44.5,22.3,33,5.4,High-Fertility States
Uttar Pradesh,Jalaun,71.9,797,38.9,2.6,62.4,50.5,35.2,0.1,0.4,0.8,12.2,0.1,13.5,4.6,28.8,72.5,98.8,67.5,85.1,45.1,19.5,36.1,2.3,High-Fertility States
Uttar Pradesh,Jaunpur,69.9,898,52.7,3,62,55.2,23.5,0,2.8,6.8,18.7,2.4,16.2,5.4,27.9,75.3,98.9,82.3,88.8,40.5,14.8,30.3,2.7,High-Fertility States
Uttar Pradesh,Jhansi,71.1,927,43.3,1.9,62,53.6,28.9,0,0,4.2,19.8,0,13.8,4.2,36.7,77,95.9,80.4,92.9,40.9,25.2,39.3,3.3,High-Fertility States
Uttar Pradesh,Jyotiba Phule Nagar,63.7,860,35.4,4.7,65.7,45.3,13,0,0.8,2.8,26.7,1.4,6.8,2.4,31.7,72.6,95.1,77.7,81.1,42.2,22.5,35.4,4.6,High-Fertility States
Uttar Pradesh,Kannauj,71.3,1038,37.3,4.3,69.4,60.3,7.7,0,1.5,4.7,43.9,0.6,7.2,2.9,31.3,75.9,96.2,70.3,76.4,43,21.5,33.5,5.2,High-Fertility States
Uttar Pradesh,Kanpur Dehat,73.9,1027,45.4,4.1,60.1,41.6,10.7,0,1.2,2.3,22.6,0.8,15,3.9,19.1,59.2,94.2,67.9,84.3,44.1,12.5,32.8,6.8,High-Fertility States
Uttar Pradesh,Kanpur Nagar,80.4,816,58.5,1.7,73.7,57.4,12.8,0,3,3.6,33.1,0.5,6.8,2.3,17.5,65.5,95.6,71.1,86.6,34.6,21.4,27.8,5.8,High-Fertility States
Uttar Pradesh,Kanshiram Nagar,62.2,997,29.7,5,65.2,31.3,6.9,0,2.3,3.3,17.4,0.6,11.8,3.5,18.8,50.6,93.2,62,74.8,45.1,19.3,35.5,4.6,High-Fertility States
Uttar Pradesh,Kaushambi,63.2,972,31.9,3.7,62.5,38.3,19.3,0,1.2,0.9,13.5,0.7,12.5,4.4,28.2,65.7,96,74.2,88.6,40.2,18.3,36.8,0.8,High-Fertility States
Uttar Pradesh,Kheri,66.3,901,28.7,2,54.9,37.9,20.8,0,1.5,1.4,11.2,0.3,16.1,6.1,28,64.6,93.6,60.5,82.8,47.6,15.8,36.3,2.2,High-Fertility States
Uttar Pradesh,Kushinagar,63.7,1080,34.1,3.4,64.2,48.5,23.2,0,2,10.1,10.5,2,14.5,6.6,18.9,67,96.5,79.3,89.4,32.2,24.3,36.6,2.2,High-Fertility States
Uttar Pradesh,Lalitpur,66.8,998,23.8,3.1,73.8,65.7,50,0.4,0.3,2.2,10.9,0.3,7.4,3.8,27.8,64.9,98.2,71.1,90.8,46.6,18.7,34.8,6.7,High-Fertility States
Uttar Pradesh,Lucknow,80.8,981,51.9,1.2,56.5,40.2,16.4,0,2,1.8,18,0.6,15.7,5.1,28.9,77.2,96.2,78.7,91.3,32.1,11.5,25.5,2,High-Fertility States
Uttar Pradesh,Mahamaya Nagar,67.9,989,39.1,4.8,57.5,37.5,14.6,0,2.4,3.3,15.2,1.1,13.8,4.8,14.3,56.3,90,50.8,80.3,39.1,12,24.5,3.7,High-Fertility States
Uttar Pradesh,Mahoba,62.4,933,33.8,1.9,62.9,49.6,27.9,0,1.1,7.4,9.8,2.6,13.7,5.3,32.3,77.3,97.4,77.2,93.3,40.5,21.8,37.4,3.4,High-Fertility States
Uttar Pradesh,Mahrajganj,65.2,1056,30.7,4.2,61.6,52,32.1,0,0.7,1,15.3,0.5,16.6,6.6,45.1,80.5,98.4,86.3,96.3,42.3,25,33.4,5,High-Fertility States
Uttar Pradesh,Mainpuri,74.6,837,45.8,5.5,80.1,46.4,10.8,0.2,1.3,2.4,29.2,1.1,4.4,1.6,21.4,76.5,95.6,63.3,82.7,44.3,14.6,33.6,4,High-Fertility States
Uttar Pradesh,Mathura,68.4,930,34.7,6,58.2,43.1,23.5,0,1.8,2.4,14,0.4,12.9,4.7,16.7,51.4,89.8,62.8,79.5,31.6,11,21.3,2.1,High-Fertility States
Uttar Pradesh,Mau,68.8,938,53.1,2.9,54.2,39,11.8,0,0.4,7.1,16.5,0.9,16.8,7.2,27.3,84.2,98.1,80,94.7,25.4,21.2,30.3,1.2,High-Fertility States
Uttar Pradesh,Meerut,74,926,47.3,5.4,72.4,48.8,14.2,0.1,1.8,2.2,29.1,1.1,5.6,2.7,28.2,82.8,95.7,81.2,80.6,32.1,10.2,23.7,1.3,High-Fertility States
Uttar Pradesh,Mirzapur,69,812,43.8,3.3,61.5,53.3,32.4,0,1.8,7.5,9,0.9,14.5,6.1,23.6,66.9,98.1,69.8,91.1,43.4,12.5,27.6,2.9,High-Fertility States
Uttar Pradesh,Moradabad,67.6,1022,42.6,4.3,69.8,47.7,10.2,0,0.5,5.5,30.7,0.7,6.9,2.9,20.9,77.4,97.6,76.1,80.3,34.7,19.1,27,2.3,High-Fertility States
Uttar Pradesh,Muzaffarnagar,69.1,865,41.8,4.3,73.2,44.9,14.4,0.2,1.6,3.6,24.7,0.1,5,1.9,17.6,78.8,96.4,88.5,87,29.8,20.7,29.9,4.2,High-Fertility States
Uttar Pradesh,Pilibhit,60.1,814,28.5,1.4,74.1,45.5,14.4,0,0.8,1.4,27.4,0.4,4.9,2.5,20.8,53.2,98.8,72.6,76.2,38.9,20.1,39.4,1.4,High-Fertility States
Uttar Pradesh,Pratapgarh,67.2,1034,49.7,2.3,51.9,33.6,24.2,0,0.8,1.9,6.7,0.1,21.9,8.7,16.3,59.2,94.1,71.1,90.8,35.5,10,27.7,1.3,High-Fertility States
Uttar Pradesh,Prayagraj,70.6,1191,47.6,6.3,63.1,45.6,31.3,0.2,1.2,1.4,8.6,0.4,11.9,4.5,18.9,54.8,95.8,67.5,83.2,37.9,15.1,32.6,1,High-Fertility States
Uttar Pradesh,Rae Bareli,66.4,871,36.1,2.7,69.3,55.8,14.1,0.1,2.5,4.8,26.2,3.3,12.4,3.6,18.7,52.8,97.3,60.1,89.5,47,13,28.8,4.3,High-Fertility States
Uttar Pradesh,Rampur,57.6,968,26.9,3.5,56.8,30,9.3,0,0.3,2.3,17,0.8,12,5.8,14.3,68.9,97.8,72.5,81,40.4,17.6,32.1,2.1,High-Fertility States
Uttar Pradesh,Saharanpur,69.3,1022,38.2,4.7,73.7,48.9,9.5,0.3,0.8,4.5,32.8,0.7,4.3,1.6,18.7,69.6,96.8,83.6,81.7,28.8,22,26.7,1.9,High-Fertility States
Uttar Pradesh,Sambhal,56,940,24.1,4.4,65.9,40.1,8.6,0,0.6,2.5,26.2,1.1,8.5,3.9,19.6,81.2,93.5,67.5,74.2,51.6,14.1,29.8,3.8,High-Fertility States
Uttar Pradesh,Sant Kabir Nagar,63.8,835,34.8,2.5,69.2,48.5,13.6,0.2,4.1,8.3,16.2,4.6,13,6.6,31.4,84.6,98.3,72.5,90.6,42.3,19,34.2,2.9,High-Fertility States
Uttar Pradesh,Sant Ravidas Nagar (Bhadohi),67.3,839,46.5,3.7,53.8,40.2,30.9,0,0.6,2.2,6.1,0,22.4,10.1,26.3,62.6,92.1,69.5,90.3,42.7,9.1,26.5,2.3,High-Fertility States
Uttar Pradesh,Shahjahanpur,63.2,1064,27.7,4.2,70.3,46.4,10,0,2.1,5.9,26.1,1.7,6.4,2.6,27.8,74.2,98.2,62.8,63.3,44.5,17,34.7,3.2,High-Fertility States
Uttar Pradesh,Shamli,62.7,1029,32.6,6.6,71,45.6,10.9,0,0.9,4.4,27.7,1.1,5.6,2.3,17.6,74.6,98.3,81.3,78.3,28.6,24.3,27.5,2.1,High-Fertility States
Uttar Pradesh,Shrawasti,47,971,15.9,3.8,49.8,35.6,6.9,0.2,2,8.3,13,4.4,20.1,8.7,37.2,76.5,95.9,68.3,80.4,50.9,20.3,40.8,3.3,High-Fertility States
Uttar Pradesh,Siddharthnagar,57.7,852,17,2.8,65,52.5,6.1,0.2,1.9,15.9,22.9,4.7,14.4,6.2,36.1,93.2,98.3,61.8,69.7,37.2,24.8,36.3,2.8,High-Fertility States
Uttar Pradesh,Sitapur,65,1011,23.9,4,51.1,36.5,16.8,0,1.1,1.6,12.9,0.1,17.9,6.1,39.8,60.4,94.8,71.5,84.8,47.8,18.2,37.9,2.9,High-Fertility States
Uttar Pradesh,Sonbhadra,62.1,974,35.7,4.9,67.1,53.6,33.7,0.1,0.8,7.6,9.9,0.9,11.6,4.7,21.9,64.8,95.8,59.9,76.8,38.3,26.8,46.5,0.9,High-Fertility States
Uttar Pradesh,Sultanpur,68.9,997,46.6,0.9,47.6,24.3,13.6,0,0.7,1.1,7.1,0.8,23.9,9.2,19,75.2,97.7,70.5,87,33.4,10.7,28.3,1.4,High-Fertility States
Uttar Pradesh,Unnao,69,960,37,2.4,48.7,46.2,9.6,0,1.6,6.7,26.7,0.3,19.1,4.5,25.9,64.3,93,54.2,80.8,39.2,12.1,29.3,7.5,High-Fertility States
Uttar Pradesh,Varanasi,74.1,885,55,2.2,72.5,60.9,23.9,0.1,1.5,9.1,23.7,2,8.7,4.2,27.4,77,99,85.1,95.2,37.4,21,39,3.1,High-Fertility States
